Feature ID	W	Signif	Taxon	Consensus
244302eb1874c008719ce609a61ba067	563	True	d__Bacteria; p__Firmicutes; c__Clostridia; o__Lachnospirales; f__Lachnospiraceae; g__Marvinbryantia; s__uncultured_bacterium	0.7
1a03eab87b42c9ce0c5101b738299f36	438	False	d__Bacteria; p__Firmicutes; c__Clostridia; o__Peptostreptococcales-Tissierellales; f__Peptostreptococcaceae; g__Peptostreptococcus	1.0
ad9a6343a04a31c1ec53dfd69875c5f0	41	False	d__Bacteria; p__Firmicutes; c__Clostridia; o__Lachnospirales; f__Lachnospiraceae; g__Lachnospiraceae_ND3007_group; s__uncultured_bacterium	0.9
8a2950244650b024368aa8174145ba33	28	False	d__Bacteria; p__Firmicutes; c__Clostridia; o__Lachnospirales; f__Lachnospiraceae; g__Blautia; s__uncultured_bacterium	0.6
f73409050ed46995d362beea6b884ddc	24	False	d__Bacteria; p__Firmicutes; c__Clostridia; o__Lachnospirales; f__Lachnospiraceae; g__Anaerostipes; s__uncultured_bacterium	0.7
38f9479d2f37d1036274704b09d2e3c5	12	False	d__Bacteria; p__Firmicutes; c__Clostridia; o__Lachnospirales; f__Lachnospiraceae; g__Blautia; s__uncultured_bacterium	0.7
f7a1c2a7dc74eb24446faaa79f519ee6	9	False	d__Bacteria; p__Firmicutes; c__Clostridia; o__Lachnospirales; f__Lachnospiraceae; g__Agathobacter	0.7
5c0644f23e7db04b7c8bd37098828313	7	False	d__Bacteria; p__Firmicutes; c__Clostridia; o__Lachnospirales; f__Lachnospiraceae; g__[Ruminococcus]_torques_group; s__uncultured_bacterium	0.7
367da03193554afa419233cf58aa75c7	5	False	d__Bacteria; p__Firmicutes; c__Clostridia; o__Oscillospirales; f__Ruminococcaceae; g__Faecalibacterium; s__uncultured_bacterium	0.9
f360864823d0421bacdc21de7e63d06d	4	False	d__Bacteria; p__Firmicutes; c__Clostridia; o__Lachnospirales; f__Lachnospiraceae; g__Lachnospiraceae_NK4A136_group; s__uncultured_bacterium	0.8
8a62eac5d654cfbf22bd1cc9a292b307	3	False	d__Bacteria; p__Firmicutes; c__Clostridia; o__Lachnospirales; f__Lachnospiraceae; g__Eisenbergiella; s__uncultured_organism	0.8
b721f857ff75aeb77e463147ce996d8a	3	False	d__Bacteria; p__Proteobacteria; c__Gammaproteobacteria; o__Burkholderiales; f__Sutterellaceae; g__Sutterella	1.0
4278cca8a9d3998a2861d73dac39ee51	3	False	d__Bacteria; p__Bacteroidota; c__Bacteroidia; o__Bacteroidales; f__Bacteroidaceae; g__Bacteroides; s__uncultured_bacterium	0.6
13744bc48e9dafd060fb1686e92098f8	3	False	d__Bacteria; p__Firmicutes; c__Clostridia; o__Oscillospirales; f__Butyricicoccaceae; g__Butyricicoccus; s__uncultured_bacterium	1.0
47382a0cb05e149623480bdee2a4f04c	3	False	d__Bacteria; p__Fusobacteriota; c__Fusobacteriia; o__Fusobacteriales; f__Fusobacteriaceae; g__Fusobacterium; s__Fusobacterium_nucleatum	0.6
a018eb1d8afceb2751d3b92b22f4d35f	3	False	d__Bacteria; p__Firmicutes; c__Bacilli; o__Erysipelotrichales; f__Erysipelatoclostridiaceae; g__Erysipelatoclostridium	1.0
6eb31a2fd93424232724e109a1bf0b63	3	False	d__Bacteria; p__Proteobacteria; c__Gammaproteobacteria; o__Enterobacterales; f__Enterobacteriaceae; g__Klebsiella; s__Klebsiella_oxytoca	0.6
072e98ae6d563fcdb13e4a97f1d73b2d	3	False	d__Bacteria; p__Firmicutes; c__Clostridia; o__Lachnospirales; f__Lachnospiraceae; g__Coprococcus; s__uncultured_bacterium	0.8
7fb4a8bdd20b6cd3a3f3131b568b8310	3	False	d__Bacteria; p__Firmicutes; c__Clostridia; o__Lachnospirales; f__Lachnospiraceae; g__Lachnospiraceae_UCG-004; s__uncultured_bacterium	0.7
1ccfca5f97aed91224f0b13df5c640c5	3	False	d__Bacteria; p__Firmicutes; c__Clostridia; o__Lachnospirales; f__Lachnospiraceae; g__Roseburia; s__uncultured_bacterium	0.6
4ca7461da62ee636121b183f1edf1145	3	False	d__Bacteria; p__Firmicutes; c__Clostridia; o__Lachnospirales; f__Lachnospiraceae; g__Dorea; s__uncultured_bacterium	1.0
6c47b07a692d8b0a6427d9c5660314af	3	False	d__Bacteria; p__Firmicutes; c__Clostridia; o__Lachnospirales; f__Lachnospiraceae; g__uncultured; s__uncultured_bacterium	0.9
33a76a5f7cdaabd39dbf4d909b0b7f72	2	False	d__Bacteria; p__Firmicutes; c__Negativicutes; o__Veillonellales-Selenomonadales; f__Veillonellaceae; g__Dialister; s__uncultured_bacterium	1.0
3af7a2b315f0917a864773fcc60eebe6	2	False	d__Bacteria; p__Firmicutes; c__Clostridia; o__Oscillospirales; f__Ruminococcaceae; g__Incertae_Sedis; s__uncultured_bacterium	0.9
780727eef2d2a68476c34f1c4e91b349	2	False	d__Bacteria; p__Firmicutes; c__Clostridia; o__Lachnospirales; f__Lachnospiraceae; g__Blautia; s__uncultured_bacterium	0.8
bae9738db2caf6730b1241ab6b0e8832	2	False	d__Bacteria; p__Firmicutes; c__Clostridia; o__Oscillospirales; f__Ruminococcaceae; g__Faecalibacterium; s__uncultured_bacterium	0.7
dcd7758dec984ab34a8055ad0d9b32ed	2	False	Unassigned	1.0
013d2c7fb2317f174c808297db1922d5	2	False	Unassigned	1.0
1bd6bf5c067eaee3eecea806c2dcbc53	2	False	d__Bacteria; p__Firmicutes; c__Clostridia; o__Lachnospirales; f__Lachnospiraceae; g__Lachnospiraceae_UCG-001; s__uncultured_bacterium	0.8
286dedd345199e6206598f5a1930da2d	2	False	d__Bacteria; p__Firmicutes; c__Clostridia; o__Oscillospirales; f__Ruminococcaceae; g__Subdoligranulum; s__uncultured_bacterium	1.0
9fccd1760363f4feefaeeb0b7791f0bd	2	False	Unassigned	1.0
f67a061f4cbec11259a974e5efbcfc0e	2	False	Unassigned	1.0
34272e5acf8bda74002ed691482dd980	2	False	d__Bacteria; p__Firmicutes; c__Bacilli; o__Lactobacillales; f__Lactobacillaceae; g__Lactobacillus; s__Lactobacillus_reuteri	1.0
fa2026a6e747c3ee9c56c3fff879accc	2	False	d__Bacteria; p__Fusobacteriota; c__Fusobacteriia; o__Fusobacteriales; f__Fusobacteriaceae; g__Fusobacterium; s__Fusobacterium_periodonticum	1.0
f1a0307c19c626a5586f8dfe3e77a506	2	False	d__Bacteria; p__Firmicutes; c__Clostridia; o__Lachnospirales; f__Lachnospiraceae; g__Blautia; s__uncultured_bacterium	1.0
35129d3d5a3dbfbbf170b3199b4d95fb	2	False	d__Bacteria; p__Firmicutes; c__Clostridia; o__Lachnospirales; f__Lachnospiraceae; g__Sellimonas; s__uncultured_bacterium	0.7
1283d63576b75ae3110601e4a01858ac	2	False	d__Bacteria; p__Bacteroidota; c__Bacteroidia; o__Bacteroidales; f__Bacteroidaceae; g__Bacteroides	1.0
39effb00d9ba2ca74281efad37068bf9	2	False	d__Bacteria; p__Firmicutes; c__Clostridia; o__Oscillospirales; f__Butyricicoccaceae; g__Butyricicoccus; s__uncultured_bacterium	1.0
784d5c41474b03cf43c5041c4ced42aa	2	False	d__Bacteria; p__Firmicutes; c__Clostridia; o__Lachnospirales; f__Lachnospiraceae; g__Dorea; s__Dorea_formicigenerans	0.6
52d41931e1e738a2daec3b6ff8429950	2	False	d__Bacteria; p__Fusobacteriota; c__Fusobacteriia; o__Fusobacteriales; f__Fusobacteriaceae; g__Fusobacterium; s__Fusobacterium_periodonticum	0.8
991dc62ec18478a61ce17915d53b5c35	2	False	d__Bacteria; p__Firmicutes	1.0
d8954a82c5b8146b8ff08fd65322a52f	2	False	Unassigned	1.0
5f0eca98dfe9b9c4d016c1efd13c6b91	2	False	d__Bacteria; p__Firmicutes; c__Clostridia; o__Lachnospirales; f__Lachnospiraceae; g__Lachnospiraceae_UCG-001; s__uncultured_bacterium	0.7
c7ba9dcd7fb20b6d631fed2ee46a0645	2	False	Unassigned	1.0
8e8935d0940b55a9259e240c4bb3e7a2	2	False	Unassigned	1.0
a07a8536bb7b01c9d314e3ab8b03a735	2	False	d__Bacteria; p__Firmicutes; c__Negativicutes; o__Veillonellales-Selenomonadales; f__Veillonellaceae; g__Allisonella; s__uncultured_bacterium	0.75
0ae1308cf1201de65c4edfcd616e89b2	2	False	d__Bacteria; p__Firmicutes; c__Clostridia; o__Lachnospirales; f__Lachnospiraceae; g__Fusicatenibacter; s__uncultured_bacterium	0.9
9119f1d22e2b3839744ddfad9519aeda	2	False	d__Bacteria; p__Firmicutes; c__Negativicutes; o__Veillonellales-Selenomonadales; f__Selenomonadaceae; g__Megamonas; s__uncultured_bacterium	1.0
b5535906e07afe6a43b5eb8216e636c5	2	False	d__Bacteria; p__Actinobacteriota; c__Coriobacteriia; o__Coriobacteriales; f__Atopobiaceae; g__Atopobium; s__uncultured_bacterium	0.6
28b6c31d896d6ea36359bed43c73f471	2	False	d__Bacteria; p__Bacteroidota; c__Bacteroidia; o__Bacteroidales; f__Prevotellaceae; g__Prevotella; s__uncultured_bacterium	0.9
3c9b6439bca5e8fa87b15799a660de73	2	False	d__Bacteria; p__Firmicutes; c__Clostridia; o__Oscillospirales; f__Ruminococcaceae; g__Faecalibacterium; s__uncultured_bacterium	1.0
1647fa394ab4198aadc8994df3643196	2	False	d__Bacteria; p__Firmicutes; c__Clostridia; o__Oscillospirales; f__UCG-010; g__UCG-010; s__uncultured_bacterium	0.8
d53526583ca0c4c1a0e6bfe949f126fe	2	False	Unassigned	1.0
ec177caa47234aab6a52806abfce4670	2	False	Unassigned	1.0
2c949e040aeed997994ed12ccefac8f7	2	False	Unassigned	1.0
304878204d79fc2c7473e9f862119a48	2	False	Unassigned	1.0
098675c943b21e216f11ebf5e250a02b	2	False	d__Bacteria; p__Firmicutes; c__Clostridia; o__Lachnospirales; f__Lachnospiraceae; g__[Eubacterium]_hallii_group; s__uncultured_bacterium	0.8
fbb992e9931309eb044a5af3d87c31b4	2	False	Unassigned	1.0
df2101151c96eb6afa2ffeb479dcc24c	2	False	Unassigned	1.0
4335db11e10c72d967cf7407169f904a	2	False	Unassigned	1.0
1a2fec0156f8efa7820fdee88182c617	2	False	d__Bacteria; p__Proteobacteria; c__Gammaproteobacteria; o__Enterobacterales; f__Enterobacteriaceae; g__Citrobacter	1.0
9b89063216501cf8ae88b3dfcb04dfb6	2	False	d__Bacteria; p__Firmicutes; c__Clostridia; o__Peptostreptococcales-Tissierellales; f__Anaerovoracaceae; g__[Eubacterium]_brachy_group; s__uncultured_bacterium	0.8
19a501dd9b960904e345af4c33929cde	2	False	d__Bacteria; p__Firmicutes; c__Clostridia; o__Oscillospirales; f__Ruminococcaceae; g__Faecalibacterium; s__uncultured_bacterium	1.0
201e4db356cbd6f208d982aefd0c10fd	2	False	Unassigned	1.0
94a6a98967bd9f1f455b0a5425e7ac1b	2	False	Unassigned	1.0
c70f9ab6fb1a3938183b8ab50653d55b	2	False	Unassigned	1.0
9b740e8e047c98bb45cd4dc582c1a7f9	2	False	d__Bacteria; p__Proteobacteria; c__Gammaproteobacteria; o__Pseudomonadales; f__Moraxellaceae	1.0
61749f28d7b0c6241961e12e406b6a5c	2	False	d__Bacteria; p__Proteobacteria; c__Gammaproteobacteria; o__Pasteurellales; f__Pasteurellaceae; g__Aggregatibacter; s__uncultured_bacterium	0.9
c72829bda83769a6705c924601240eaf	2	False	d__Bacteria; p__Firmicutes; c__Clostridia; o__Lachnospirales; f__Lachnospiraceae; g__Blautia; s__uncultured_bacterium	0.9
fec14329e1c5a1e65ae124002b593095	2	False	d__Bacteria; p__Firmicutes; c__Bacilli; o__RF39; f__RF39; g__RF39; s__uncultured_bacterium	0.9
65b8a986b27c171e42e90baf2416893a	2	False	d__Bacteria; p__Firmicutes; c__Negativicutes; o__Veillonellales-Selenomonadales; f__Veillonellaceae; g__Dialister; s__uncultured_bacterium	0.6
1e34eb3924a55e6fdbfd3ecaf0ec929b	2	False	d__Bacteria; p__Desulfobacterota; c__Desulfovibrionia; o__Desulfovibrionales; f__Desulfovibrionaceae; g__uncultured; s__uncultured_bacterium	0.6
fc10b3c4d5fde7f803fd7ee3913faf5d	2	False	d__Bacteria; p__Firmicutes; c__Clostridia; o__Lachnospirales; f__Lachnospiraceae; g__Coprococcus; s__uncultured_bacterium	0.6
5ab7769598266aa3cc665907ec476b82	2	False	d__Bacteria; p__Firmicutes; c__Bacilli; o__Erysipelotrichales; f__Erysipelotrichaceae; g__Solobacterium	0.8
740ba29c6c30bce2c57d055dde9938ca	2	False	d__Bacteria; p__Proteobacteria; c__Gammaproteobacteria; o__Aeromonadales; f__Aeromonadaceae; g__Aeromonas	1.0
d9f715adb61c3c03304edf8db03d14da	2	False	d__Bacteria; p__Bacteroidota; c__Bacteroidia; o__Bacteroidales; f__Rikenellaceae; g__Alistipes	1.0
af7c6bf0e46dd165d4442ec7665ea805	2	False	d__Bacteria; p__Proteobacteria; c__Gammaproteobacteria; o__Enterobacterales; f__Enterobacteriaceae; g__Citrobacter; s__Citrobacter_freundii	1.0
bba7962c72382d5f803e5df5497f9d83	2	False	d__Bacteria; p__Proteobacteria; c__Gammaproteobacteria; o__Burkholderiales; f__Neisseriaceae; g__Neisseria; s__uncultured_bacterium	0.7
5f6ebc862de2af3213efe0cba9aca577	2	False	d__Bacteria; p__Firmicutes; c__Clostridia; o__Oscillospirales; f__Oscillospiraceae; g__UCG-005; s__uncultured_bacterium	1.0
d2696c19f0faff6c808757ae44bb4e04	2	False	d__Bacteria; p__Firmicutes; c__Bacilli; o__Izemoplasmatales; f__Izemoplasmatales; g__Izemoplasmatales	0.875
e154d9ec210b7d66bd788588eb6b2413	2	False	d__Bacteria; p__Bacteroidota; c__Bacteroidia; o__Bacteroidales; f__Bacteroidaceae; g__Bacteroides; s__Bacteroides_cellulosilyticus	0.6
a7b6288697e24b6c5806082a3d436fe9	2	False	d__Bacteria; p__Bacteroidota; c__Bacteroidia; o__Bacteroidales; f__Bacteroidaceae; g__Bacteroides; s__Bacteroides_fragilis	0.6
8473bab4d8ec3cd4c4f7f9493f7f015d	2	False	Unassigned	1.0
81a03808e4ed9a84703f0b7b267a8332	2	False	d__Bacteria; p__Firmicutes; c__Negativicutes; o__Acidaminococcales; f__Acidaminococcaceae; g__Phascolarctobacterium	1.0
c8f8c3d02f84d3affef7372dc0e516e1	2	False	d__Bacteria; p__Campilobacterota; c__Campylobacteria; o__Campylobacterales; f__Campylobacteraceae; g__Campylobacter; s__uncultured_bacterium	0.8
0677137d1ad2f0f389fbd34c6cbc413f	2	False	d__Bacteria; p__Firmicutes; c__Negativicutes; o__Veillonellales-Selenomonadales; f__Veillonellaceae; g__Megasphaera	0.7
f8477fed374934f724e0ad9ea845bbe6	2	False	d__Bacteria; p__Proteobacteria; c__Gammaproteobacteria; o__Enterobacterales; f__Enterobacteriaceae; g__Citrobacter; s__Citrobacter_freundii	0.9
242c392f645773cee2231bcffab19982	2	False	d__Bacteria; p__Campilobacterota; c__Campylobacteria; o__Campylobacterales; f__Campylobacteraceae; g__Campylobacter; s__Campylobacter_rectus	0.6
c8e7057fb8604dc5ecf8b9c0802bcae9	2	False	Unassigned	1.0
51a98c17c89cca9cc4a60d3cccb9a2a5	2	False	Unassigned	1.0
31523563b94f138bb15ed61b41a46fd6	2	False	d__Bacteria; p__Proteobacteria; c__Gammaproteobacteria; o__Enterobacterales; f__Enterobacteriaceae; g__Citrobacter; s__Citrobacter_freundii	0.8
95d38984f2f6029ed50be0e5143d7af9	2	False	d__Bacteria; p__Firmicutes; c__Clostridia; o__Peptostreptococcales-Tissierellales; f__Peptostreptococcales-Tissierellales; g__Fenollaria	1.0
c579de2a5d3a48f4d7b431557b2dd4ea	2	False	d__Bacteria; p__Proteobacteria; c__Gammaproteobacteria; o__Burkholderiales; f__Sutterellaceae; g__Sutterella; s__uncultured_bacterium	0.9
c765dab952ebb2672c2689b3d9f8fa8c	2	False	d__Bacteria; p__Firmicutes; c__Clostridia; o__Lachnospirales; f__Lachnospiraceae; g__Blautia; s__uncultured_bacterium	0.8
ab64886a03cd868d9b62a3b4d0bdfccb	2	False	d__Bacteria; p__Firmicutes; c__Clostridia; o__Lachnospirales; f__Lachnospiraceae	0.75
7a58aa577136e8cb89c787197cd4f5a1	2	False	Unassigned	1.0
e81de50bcb4aa686b54646699c7c8dd4	2	False	d__Bacteria; p__Bacteroidota; c__Bacteroidia; o__Bacteroidales; f__Prevotellaceae; g__Prevotella; s__uncultured_bacterium	0.9
a84e3c7bb4f793cc8e026f919bfd9509	2	False	d__Bacteria; p__Firmicutes; c__Bacilli; o__Erysipelotrichales; f__Erysipelatoclostridiaceae; g__UCG-004; s__uncultured_bacterium	1.0
2916b02d5fad0855f5c3a49554e5ef78	2	False	d__Bacteria; p__Firmicutes; c__Clostridia; o__Oscillospirales; f__Oscillospiraceae; g__UCG-003; s__uncultured_bacterium	1.0
0b76c0de45ebe2ad7502a0a5546699ca	2	False	d__Bacteria; p__Firmicutes; c__Clostridia; o__Lachnospirales; f__Lachnospiraceae; g__Coprococcus; s__uncultured_bacterium	1.0
c4bc49583a655291af6a952410ae9775	2	False	d__Bacteria; p__Bacteroidota; c__Bacteroidia; o__Bacteroidales; f__Rikenellaceae; g__Alistipes; s__uncultured_bacterium	0.6
771b008f389a463995668f72074b3109	2	False	d__Bacteria; p__Bacteroidota; c__Bacteroidia; o__Flavobacteriales; f__Weeksellaceae; g__Bergeyella; s__uncultured_bacterium	1.0
9682e71ab7f47dded89ec7bd8ddfe2ef	2	False	Unassigned	1.0
e9a5c099a679e7a9c1230f4e8bab53fc	2	False	d__Bacteria; p__Campilobacterota; c__Campylobacteria; o__Campylobacterales; f__Campylobacteraceae; g__Campylobacter; s__Campylobacter_rectus	0.6
b72325c9750b82a7a0999c965d45c71a	2	False	d__Bacteria; p__Firmicutes	1.0
6d2a360b2250e4205aee602dc9acc91e	2	False	d__Bacteria; p__Bacteroidota; c__Bacteroidia; o__Bacteroidales; f__Tannerellaceae; g__Parabacteroides	1.0
3c36397c880bfff3dafba8c5d5cbee65	2	False	d__Bacteria; p__Firmicutes; c__Clostridia; o__Oscillospirales; f__Ruminococcaceae	1.0
97b45f59252e0225724f53e2baf94502	2	False	d__Bacteria; p__Firmicutes; c__Clostridia; o__Lachnospirales; f__Lachnospiraceae; g__Blautia; s__uncultured_bacterium	0.6
15bae14e4ed43064eb6d49b7fa81fb62	2	False	d__Bacteria; p__Firmicutes; c__Negativicutes; o__Veillonellales-Selenomonadales; f__Veillonellaceae; g__Megasphaera; s__Megasphaera_elsdenii	0.9
9a2480f6724dcda1ae84aa553c3ff1d9	2	False	d__Bacteria; p__Firmicutes; c__Clostridia; o__Lachnospirales; f__Defluviitaleaceae; g__Defluviitaleaceae_UCG-011; s__uncultured_bacterium	1.0
772ac3d51fbd46b620f6a2438621906a	2	False	Unassigned	1.0
09968a807fc94ca4847463a1b670a901	2	False	d__Bacteria; p__Firmicutes; c__Clostridia; o__Christensenellales; f__Christensenellaceae; g__Christensenellaceae_R-7_group; s__uncultured_bacterium	1.0
d5a11f5fc8ffbd7e1430e9606db3a93d	2	False	d__Bacteria; p__Firmicutes; c__Clostridia; o__Christensenellales; f__Christensenellaceae; g__Christensenellaceae_R-7_group; s__uncultured_bacterium	0.8
c8469250acdb7fa7679048c72e1c8dfe	2	False	d__Bacteria; p__Firmicutes; c__Bacilli; o__Lactobacillales; f__Streptococcaceae; g__Streptococcus; s__Streptococcus_constellatus	0.6
7bde0731b5fd948bc1088425cc098181	2	False	d__Bacteria; p__Bacteroidota; c__Bacteroidia; o__Bacteroidales; f__Marinifilaceae; g__Odoribacter	1.0
40f80939e6303ce27ee4934e5332b44d	2	False	d__Bacteria; p__Firmicutes; c__Clostridia; o__Oscillospirales; f__Ruminococcaceae; g__Faecalibacterium	1.0
0f4b183b37d231eadca695f8137bcdb9	2	False	d__Bacteria; p__Firmicutes; c__Clostridia; o__Oscillospirales; f__Ruminococcaceae; g__[Eubacterium]_siraeum_group; s__uncultured_bacterium	0.9
b25572a3e3300ae1186a2df7d65f4eb2	2	False	d__Bacteria; p__Firmicutes; c__Clostridia; o__Christensenellales; f__Christensenellaceae; g__Christensenellaceae_R-7_group	0.8
57d3d93fa052dcb444e604d02eb40bc4	2	False	d__Bacteria; p__Bacteroidota; c__Bacteroidia; o__Bacteroidales; f__Tannerellaceae; g__Parabacteroides	1.0
ca338baf81ebc672dc136903122a3e8f	2	False	Unassigned	1.0
c72174a813b518bfaeb93fa2f04b8813	2	False	Unassigned	1.0
d5694b96d7760e595c6a132766250d5d	2	False	d__Bacteria; p__Firmicutes; c__Clostridia; o__Peptostreptococcales-Tissierellales; f__Peptostreptococcales-Tissierellales; g__Ezakiella; s__uncultured_bacterium	0.7
a415a019074a957e97d6df03c3d7609c	2	False	d__Bacteria; p__Proteobacteria; c__Gammaproteobacteria; o__Burkholderiales; f__Sutterellaceae; g__Parasutterella; s__uncultured_bacterium	0.9
fd4c7bd8293f833119ea72a28508be43	2	False	d__Bacteria; p__Firmicutes; c__Clostridia; o__Peptostreptococcales-Tissierellales; f__Anaerovoracaceae; g__[Eubacterium]_nodatum_group	0.9
59248902514ffc2a26fc591405da4fc1	2	False	d__Bacteria; p__Actinobacteriota; c__Actinobacteria; o__Micrococcales; f__Micrococcaceae; g__Rothia; s__uncultured_bacterium	0.8
2360135b8007c55c841d334ba5660d25	2	False	d__Bacteria; p__Firmicutes; c__Clostridia; o__Peptostreptococcales-Tissierellales; f__Anaerovoracaceae; g__Mogibacterium	1.0
9fb8b7aa1ae8f4170f765260f13a77e9	2	False	d__Bacteria; p__Firmicutes; c__Clostridia; o__Oscillospirales; f__[Eubacterium]_coprostanoligenes_group; g__[Eubacterium]_coprostanoligenes_group; s__uncultured_bacterium	0.8
ef289d460d88b8bf99288c9ccafa3de4	2	False	d__Bacteria; p__Actinobacteriota; c__Actinobacteria; o__Corynebacteriales; f__Nocardiaceae; g__Rhodococcus	1.0
d03661f41645259cad277efe4b5f5355	2	False	Unassigned	1.0
699493c196879f2db25b7fed9febb09e	2	False	d__Bacteria; p__Firmicutes; c__Clostridia; o__Christensenellales; f__Christensenellaceae; g__Christensenellaceae_R-7_group; s__uncultured_bacterium	0.7
e60715705a5e95b1952895958ab3bf18	2	False	d__Bacteria; p__Firmicutes; c__Clostridia; o__Oscillospirales; f__Oscillospiraceae; g__Oscillibacter	1.0
9a0fbb9dd87367f0821463657dae1305	2	False	d__Bacteria; p__Firmicutes; c__Clostridia; o__Oscillospirales; f__Ruminococcaceae; g__DTU089	1.0
f5286cfdb2b23e6cd3fed4e200f12e12	2	False	d__Bacteria; p__Firmicutes; c__Clostridia; o__Oscillospirales; f__Oscillospiraceae; g__Colidextribacter; s__uncultured_bacterium	0.8
6a19966c44f56563f3b6ebbc17e0a19a	2	False	d__Bacteria; p__Firmicutes; c__Clostridia; o__Oscillospirales; f__[Eubacterium]_coprostanoligenes_group; g__[Eubacterium]_coprostanoligenes_group; s__uncultured_bacterium	0.9
03cb880960e0eac9bded28ca03add761	2	False	d__Bacteria; p__Firmicutes; c__Clostridia; o__Lachnospirales; f__Lachnospiraceae; g__Lachnospiraceae_NK4A136_group; s__uncultured_bacterium	0.7
36861ec7ec29bcbfc8c45a2e62b82b9e	2	False	d__Bacteria; p__Firmicutes; c__Clostridia; o__Peptococcales; f__Peptococcaceae; g__uncultured; s__uncultured_bacterium	0.7
59dfabe350e121d71eca0fb0bd5b54f8	2	False	d__Bacteria; p__Actinobacteriota; c__Actinobacteria; o__Bifidobacteriales; f__Bifidobacteriaceae; g__Bifidobacterium; s__Bifidobacterium_bifidum	1.0
c937fd736d7e6210f52b259f4833aacb	2	False	d__Bacteria; p__Firmicutes; c__Clostridia; o__Oscillospirales; f__Ruminococcaceae; g__Negativibacillus; s__uncultured_bacterium	0.8
abb54d9820936f9078d3bf793d50e4a5	2	False	d__Bacteria; p__Proteobacteria; c__Gammaproteobacteria; o__Methylococcales; f__Methylomonadaceae; g__Methylobacter	0.9
32904d96e4509338ae1c9edf673f4b18	2	False	Unassigned	1.0
19c8c6a63bad2462c5bfd9b61bde7263	2	False	d__Bacteria; p__Firmicutes; c__Clostridia; o__Peptostreptococcales-Tissierellales; f__Anaerovoracaceae; g__Family_XIII_UCG-001; s__uncultured_bacterium	0.8
b9041de8c16669315c3df3b6f511317d	2	False	Unassigned	1.0
ac83dab5952fac38c0bfd79de9069063	2	False	d__Bacteria; p__Firmicutes; c__Bacilli; o__Erysipelotrichales; f__Erysipelatoclostridiaceae; g__Erysipelotrichaceae_UCG-003	1.0
477dea72b3b572e927ae4eae0ac61ae5	2	False	d__Bacteria; p__Firmicutes; c__Clostridia; o__Lachnospirales; f__Lachnospiraceae; g__[Ruminococcus]_torques_group	0.8
686c4f8f0868958cc88ef9c3673ac0bd	2	False	d__Bacteria; p__Firmicutes; c__Bacilli; o__Erysipelotrichales; f__Erysipelotrichaceae; g__[Clostridium]_innocuum_group	1.0
ea6703ba5c06953b13ac24767a00fe9b	2	False	d__Bacteria; p__Firmicutes; c__Clostridia; o__Oscillospirales; f__Butyricicoccaceae; g__Butyricicoccus; s__uncultured_bacterium	1.0
a5d29f17bd1a64838e0d611fbcdd1ff6	2	False	d__Bacteria; p__Firmicutes; c__Bacilli; o__Lactobacillales; f__Aerococcaceae; g__Abiotrophia; s__uncultured_bacterium	1.0
4b4b0548f7b63ba1351b5093033896ba	2	False	d__Bacteria; p__Proteobacteria; c__Gammaproteobacteria; o__Enterobacterales; f__Enterobacteriaceae	1.0
e685d70824ff9e47074bf6a05f513730	2	False	d__Bacteria; p__Firmicutes; c__Negativicutes; o__Veillonellales-Selenomonadales; f__Veillonellaceae; g__Allisonella; s__uncultured_bacterium	0.6
43fc85902de107c41972d39fe4d9854f	2	False	d__Bacteria; p__Firmicutes; c__Negativicutes; o__Acidaminococcales; f__Acidaminococcaceae; g__Phascolarctobacterium; s__uncultured_bacterium	0.8
dd3c2e69caca46935375f787892e63b3	2	False	Unassigned	1.0
11f1392946dad924cee7723ec5b348e0	2	False	Unassigned	1.0
274fac043d167d375ebfbaf1aeb1fc3e	2	False	Unassigned	1.0
83f85b5f79df698c67926c9cb4163ae2	2	False	d__Bacteria; p__Firmicutes; c__Clostridia; o__Oscillospirales; f__Ruminococcaceae; g__Subdoligranulum; s__uncultured_bacterium	0.6
8bf131b39c7e80475ede9b463a4f9a5d	2	False	d__Bacteria; p__Bacteroidota; c__Bacteroidia; o__Bacteroidales; f__Prevotellaceae; g__Prevotella; s__uncultured_bacterium	1.0
47e187dc6f57417a7e76c0bb8c4cbbf8	2	False	d__Bacteria; p__Firmicutes; c__Bacilli; o__Erysipelotrichales; f__Erysipelotrichaceae; g__Holdemania	0.7
8117fedb97465c95b7dab68eef5d8b89	2	False	d__Bacteria; p__Firmicutes; c__Clostridia; o__Oscillospirales; f__UCG-010; g__UCG-010; s__uncultured_bacterium	0.8
b77af7ecf7f3b9fd02a8c9a8c543c9d3	2	False	d__Bacteria; p__Firmicutes; c__Bacilli; o__Lactobacillales; f__Carnobacteriaceae; g__Granulicatella	0.8
efeac0d28a12baa6f2a7997cb3880e25	2	False	d__Bacteria; p__Firmicutes; c__Clostridia; o__Oscillospirales; f__Oscillospiraceae; g__UCG-005	0.6
6ec7504f11f8dec419c8bc4841502abe	2	False	d__Bacteria; p__Firmicutes; c__Clostridia; o__Lachnospirales; f__Lachnospiraceae; g__Lachnospiraceae_NC2004_group	0.7
abb7de128a3fd617faecb8ce0debaf79	2	False	Unassigned	1.0
de1ebd91719c044ca08513e46e507f63	2	False	d__Bacteria; p__Proteobacteria; c__Gammaproteobacteria; o__Enterobacterales; f__Enterobacteriaceae; g__Escherichia-Shigella; s__uncultured_bacterium	1.0
a557367e988be07b9c6c1b9e8991b52f	2	False	d__Bacteria; p__Firmicutes; c__Bacilli; o__Staphylococcales; f__Gemellaceae; g__Gemella; s__uncultured_bacterium	0.7
0b32533bf80b581e2a5be21ae221eecc	2	False	d__Bacteria; p__Proteobacteria; c__Gammaproteobacteria; o__Enterobacterales; f__Enterobacteriaceae; g__Escherichia-Shigella	1.0
25a05cc6f1176e4d89c17bf9f489a8ca	2	False	d__Bacteria; p__Firmicutes; c__Clostridia; o__Lachnospirales; f__Lachnospiraceae	0.9
b4e6206293263834d1881d46645224e4	2	False	d__Bacteria; p__Firmicutes; c__Clostridia; o__Clostridia_UCG-014; f__Clostridia_UCG-014; g__Clostridia_UCG-014; s__uncultured_bacterium	0.9
57f100b03c673e4868b22f051aad4fe5	2	False	d__Bacteria; p__Firmicutes; c__Clostridia; o__Oscillospirales	0.9
7ef325a6717c94af5495cbba97a98c87	2	False	d__Bacteria; p__Firmicutes; c__Clostridia; o__Peptococcales; f__Peptococcaceae; g__uncultured; s__uncultured_bacterium	0.6
6a5ee7a4cb6017ca8fd525f16adbd6c8	2	False	d__Bacteria; p__Firmicutes; c__Clostridia; o__Peptostreptococcales-Tissierellales; f__Anaerovoracaceae; g__[Eubacterium]_brachy_group; s__uncultured_bacterium	0.9
27bba1d40508fb7e175b32c77450538a	2	False	d__Bacteria; p__Firmicutes; c__Clostridia; o__Lachnospirales; f__Lachnospiraceae; g__Lachnospiraceae_UCG-004; s__uncultured_bacterium	1.0
7c6f1c63830e379ac6616bb4382da110	2	False	d__Bacteria; p__Firmicutes; c__Clostridia; o__Oscillospirales; f__Ruminococcaceae; g__uncultured	0.7
e4d25b8bb2a44684654de2b387b88265	2	False	d__Bacteria; p__Firmicutes; c__Clostridia; o__Oscillospirales; f__[Eubacterium]_coprostanoligenes_group; g__[Eubacterium]_coprostanoligenes_group; s__uncultured_bacterium	0.9
76e5514ea4aca675ac01d1477d841e6c	2	False	d__Bacteria; p__Firmicutes	1.0
4bd3179114d708142d3a01b7e428233d	2	False	d__Bacteria; p__Firmicutes; c__Clostridia; o__Oscillospirales; f__Ruminococcaceae; g__Caproiciproducens	0.7
ade3b3950de446a57b6446a902a72840	2	False	d__Bacteria; p__Firmicutes; c__Clostridia; o__Oscillospirales; f__Butyricicoccaceae	0.7
01b3b2283ebeec4d9f7761b305522a3e	2	False	d__Bacteria; p__Firmicutes; c__Clostridia; o__Oscillospirales; f__Ruminococcaceae; g__Subdoligranulum; s__uncultured_bacterium	0.6
a633b38916b08f20371ca55dae20b287	2	False	d__Bacteria; p__Proteobacteria; c__Gammaproteobacteria; o__Enterobacterales; f__Enterobacteriaceae	1.0
b0e9f0943653bb70508b5e922cbfba27	2	False	Unassigned	1.0
ff083a71e58b53f6342552e0eb78d4f0	2	False	d__Bacteria; p__Firmicutes; c__Negativicutes; o__Veillonellales-Selenomonadales; f__Veillonellaceae; g__Veillonella; s__uncultured_bacterium	0.7
939eb03f92264387524d6970ba7ebefd	2	False	d__Bacteria; p__Firmicutes; c__Clostridia; o__Oscillospirales; f__Ruminococcaceae; g__DTU089	1.0
200a78cf68c2f74563ea53a37b3a7376	2	False	d__Bacteria; p__Firmicutes; c__Clostridia; o__Lachnospirales; f__Lachnospiraceae; g__Dorea; s__uncultured_bacterium	1.0
68db20e0ddcc82453d800972ec2c89fb	2	False	d__Bacteria; p__Bacteroidota; c__Bacteroidia; o__Chitinophagales; f__Chitinophagaceae; g__Niastella	1.0
cd95291eb5f249303f14adab4cf0c840	2	False	d__Bacteria; p__Firmicutes; c__Bacilli; o__Erysipelotrichales; f__Erysipelotrichaceae; g__[Clostridium]_innocuum_group	0.9
6a85ab6fff6e703d64458d93beeb30c1	2	False	Unassigned	1.0
15832d1cb585ff1846a6947fad0990ab	2	False	d__Bacteria; p__Firmicutes; c__Clostridia; o__Lachnospirales; f__Lachnospiraceae	1.0
9e0a9771fd41b9051d5fb19eb989eb8d	2	False	d__Bacteria; p__Bacteroidota; c__Bacteroidia; o__Bacteroidales; f__Rikenellaceae; g__Alistipes; s__uncultured_bacterium	1.0
cab7c31130844d606c33505a0752f139	2	False	d__Bacteria; p__Firmicutes; c__Bacilli; o__Erysipelotrichales; f__Erysipelotrichaceae; g__Holdemanella; s__uncultured_bacterium	1.0
78d7cd711744db5e4fb528f8068eaa88	2	False	d__Bacteria; p__Proteobacteria; c__Gammaproteobacteria; o__Enterobacterales; f__Enterobacteriaceae; g__Escherichia-Shigella; s__uncultured_bacterium	1.0
0eed62b7183c080569e92982d4c427c2	2	False	d__Bacteria; p__Firmicutes; c__Clostridia; o__Lachnospirales; f__Lachnospiraceae; g__Lachnospiraceae_ND3007_group; s__uncultured_bacterium	0.8
00ffa432ea3445f71c4923b4cd5d954d	2	False	d__Bacteria; p__Firmicutes; c__Clostridia; o__Oscillospirales; f__Ruminococcaceae; g__Incertae_Sedis	0.9
c4f03557aec98227bf6ebeb0030c87a0	2	False	d__Bacteria; p__Bacteroidota; c__Bacteroidia; o__Bacteroidales; f__Barnesiellaceae; g__Barnesiella; s__uncultured_bacterium	0.7
88c0fdbdbcecd68ad81fb7eb3ffc8d2a	2	False	d__Bacteria; p__Actinobacteriota; c__Coriobacteriia; o__Coriobacteriales; f__Eggerthellaceae; g__uncultured; s__uncultured_bacterium	1.0
f3c69b234e840271cb174f7ebd835650	2	False	d__Bacteria; p__Bacteroidota; c__Bacteroidia; o__Bacteroidales; f__p-251-o5; g__p-251-o5; s__uncultured_bacterium	1.0
bb5281d281eaa6040d3d13373c7d2872	2	False	d__Bacteria; p__Firmicutes; c__Clostridia; o__Oscillospirales; f__Ruminococcaceae; g__Candidatus_Soleaferrea	0.7
dae230ece056febb5908844af2ebe5c6	2	False	Unassigned	1.0
77357da25f225c57f13763643f205419	2	False	d__Bacteria; p__Firmicutes; c__Clostridia; o__Oscillospirales; f__Ruminococcaceae; g__uncultured; s__uncultured_bacterium	0.7
6393f5311eebe96be272faf029f6f4c4	2	False	d__Bacteria; p__Firmicutes; c__Clostridia; o__Lachnospirales; f__Lachnospiraceae	1.0
478c5d2ba2e249de1ca709716832137d	2	False	d__Bacteria; p__Firmicutes; c__Clostridia; o__Oscillospirales; f__Ruminococcaceae; g__Ruminococcus; s__uncultured_bacterium	0.9
2f591781e4adb75e4aff6c785784deed	2	False	Unassigned	1.0
de5fa5d801848712eaa20f28d4cabca1	2	False	d__Bacteria; p__Firmicutes; c__Clostridia; o__Oscillospirales; f__Oscillospiraceae; g__UCG-005; s__uncultured_bacterium	0.9
0f781ac46fdb2f186d99c6b8f9a2763e	2	False	d__Bacteria; p__Firmicutes; c__Clostridia; o__Oscillospirales; f__Ruminococcaceae; g__uncultured; s__uncultured_bacterium	0.9
7e1df17074a717c61a67478515be3e50	2	False	d__Bacteria; p__Firmicutes; c__Clostridia; o__Oscillospirales; f__Oscillospiraceae; g__UCG-002; s__uncultured_bacterium	1.0
c1b2800afab8bb2e53999f1be0c813b0	2	False	d__Bacteria; p__Firmicutes; c__Clostridia; o__Oscillospirales; f__Butyricicoccaceae; g__UCG-009; s__uncultured_bacterium	1.0
db166a49239fea327aa1ab3dabc1b945	2	False	d__Bacteria; p__Firmicutes; c__Bacilli; o__Erysipelotrichales; f__Erysipelatoclostridiaceae; g__Catenibacterium; s__uncultured_bacterium	0.7
864593c0441dda5c5245e93730ce3079	2	False	d__Bacteria; p__Firmicutes; c__Clostridia; o__Christensenellales; f__Christensenellaceae; g__Christensenellaceae_R-7_group; s__uncultured_bacterium	0.8
f904dedc63ff4e9e77c45051e6f87671	2	False	d__Bacteria; p__Firmicutes; c__Bacilli; o__Erysipelotrichales; f__Erysipelatoclostridiaceae; g__Erysipelotrichaceae_UCG-003	1.0
385c7eb8c754be31a298a3fbe9dd4ccc	2	False	Unassigned	1.0
9d4fccbd9f6f1ca89420aa04963f71ac	2	False	d__Bacteria; p__Firmicutes; c__Clostridia; o__Oscillospirales; f__Ruminococcaceae	1.0
f949f98c3b912dff96a7a4c06a1419a7	2	False	d__Bacteria; p__Firmicutes; c__Clostridia; o__Lachnospirales; f__Lachnospiraceae; g__Blautia; s__uncultured_bacterium	0.6
750a9623f5b26b80c3ced56ddc6cefb7	2	False	d__Bacteria; p__Firmicutes; c__Clostridia; o__Clostridia_UCG-014; f__Clostridia_UCG-014; g__Clostridia_UCG-014; s__uncultured_bacterium	0.9
3d618b870942721311e87325f19eef33	2	False	d__Bacteria; p__Firmicutes; c__Clostridia; o__Lachnospirales; f__Defluviitaleaceae; g__Defluviitaleaceae_UCG-011; s__uncultured_bacterium	0.9
0caca48bd6ec99edb81f2e36a90f554f	2	False	d__Bacteria; p__Bacteroidota; c__Bacteroidia; o__Bacteroidales; f__Bacteroidaceae; g__Bacteroides; s__Bacteroides_vulgatus	0.9
daabceec9f36060623dc2f9624c54b71	2	False	d__Bacteria; p__Bacteroidota; c__Bacteroidia; o__Flavobacteriales; f__Flavobacteriaceae; g__uncultured; s__gut_metagenome	1.0
f965a671b905639699196aaa0a6bb401	2	False	d__Bacteria; p__Actinobacteriota; c__Actinobacteria; o__Micrococcales; f__Micrococcaceae; g__Rothia	1.0
877440f2615397decb4159d0d85d98a6	2	False	d__Bacteria; p__Bacteroidota; c__Bacteroidia; o__Bacteroidales; f__Prevotellaceae; g__Prevotellaceae_UCG-001; s__uncultured_bacterium	1.0
54af21f1a3e9adf2e30197403233b5ee	2	False	d__Bacteria; p__Firmicutes; c__Clostridia	1.0
cd21900653197ca1342a4e07911bcde1	2	False	d__Bacteria; p__Bacteroidota; c__Bacteroidia; o__Bacteroidales; f__Prevotellaceae; g__uncultured	0.8
7c5e7b9871cabbf18d0cf51ce0c8d018	2	False	d__Bacteria; p__Bacteroidota; c__Bacteroidia; o__Bacteroidales; f__Rikenellaceae; g__Alistipes; s__uncultured_bacterium	0.6
42b102cb588286d50d69ad11c7bd4b02	2	False	Unassigned	1.0
6b88e26707ce9984ff27f52e117bc96d	2	False	Unassigned	1.0
c0e080d9cb6b6ac7a9ba601134a158eb	2	False	d__Bacteria; p__Bacteroidota; c__Bacteroidia; o__Bacteroidales; f__Prevotellaceae; g__uncultured; s__uncultured_bacterium	1.0
011dc8d28c65bbbbdf67e6e830f7022c	2	False	d__Bacteria; p__Firmicutes; c__Clostridia	1.0
2274e90489c9c5fdcac6197a1138ec87	2	False	d__Bacteria; p__Firmicutes; c__Bacilli; o__Erysipelotrichales; f__Erysipelatoclostridiaceae; g__Erysipelotrichaceae_UCG-003	1.0
e32b1db8e05b4b459ce3bd3fb52076f2	2	False	d__Bacteria; p__Firmicutes; c__Bacilli; o__Lactobacillales; f__Carnobacteriaceae; g__Carnobacterium	1.0
5fae68a0841f21469899753365829b4d	2	False	Unassigned	1.0
fa273e63424f2eb1ab57ff0a9e4e0d5a	2	False	d__Bacteria; p__Firmicutes; c__Negativicutes; o__Acidaminococcales; f__Acidaminococcaceae; g__Acidaminococcus	1.0
63becd9130df121b8a4049c313f48102	2	False	Unassigned	1.0
f228b261034ed3132f22be4dbe813853	2	False	d__Bacteria; p__Firmicutes; c__Clostridia; o__Oscillospirales; f__Ruminococcaceae; g__uncultured; s__uncultured_bacterium	0.9
c4ddd9774eb111adc4956e8f91e84c9d	2	False	Unassigned	1.0
c82c171349c08cdedf09ae5413255717	2	False	d__Bacteria; p__Firmicutes; c__Bacilli; o__Lactobacillales; f__Streptococcaceae; g__Streptococcus; s__uncultured_bacterium	0.7
4bfc039c44c340d6b6c78e29e62c8dcd	2	False	Unassigned	1.0
69467aec4900fade96f5cd4209218fd2	2	False	Unassigned	1.0
e3ffa0d3bfd8220549b8f7aee6ed6a8f	2	False	Unassigned	1.0
a4d98ca36dc66a0161e195b9a625b708	2	False	d__Bacteria; p__Firmicutes; c__Clostridia; o__Lachnospirales; f__Lachnospiraceae; g__Roseburia; s__uncultured_bacterium	0.6
45c5edd51be1ecc155c9f12c0374f5b2	2	False	d__Bacteria; p__Firmicutes; c__Clostridia; o__Lachnospirales; f__Lachnospiraceae; g__Dorea; s__Dorea_formicigenerans	0.6
89814aa6276056bb4a33459cdc6bb94d	2	False	d__Bacteria; p__Firmicutes; c__Negativicutes; o__Veillonellales-Selenomonadales; f__Selenomonadaceae; g__Megamonas; s__uncultured_bacterium	1.0
66bb3c6f0386b2788aeee0a3e6ae6e80	2	False	Unassigned	1.0
27889677c3c7465cc120c69a9558031f	2	False	d__Bacteria; p__Firmicutes; c__Clostridia; o__Eubacteriales; f__Eubacteriaceae; g__Eubacterium; s__Eubacterium_limosum	0.6
8d213e7f5c30c75636f1c705d5950148	2	False	d__Bacteria; p__Fusobacteriota; c__Fusobacteriia; o__Fusobacteriales; f__Fusobacteriaceae; g__Fusobacterium; s__Fusobacterium_nucleatum	0.9
761549f344edb3937f562afd155b205e	2	False	d__Bacteria; p__Firmicutes; c__Clostridia; o__Peptococcales; f__Peptococcaceae	0.9
6193a5d36eb744009c0b70eed14d640f	2	False	d__Bacteria; p__Fusobacteriota; c__Fusobacteriia; o__Fusobacteriales; f__Fusobacteriaceae; g__Fusobacterium; s__uncultured_bacterium	0.7
671e062811f368568d9040b170053c21	2	False	d__Bacteria; p__Proteobacteria; c__Gammaproteobacteria; o__Pasteurellales; f__Pasteurellaceae; g__Haemophilus	1.0
43e86768108478928f52f318bc3bb403	2	False	d__Bacteria; p__Proteobacteria; c__Gammaproteobacteria; o__Burkholderiales; f__Sutterellaceae; g__Sutterella	1.0
b3395d0edaf7be6404955d1f8001a3b5	2	False	d__Bacteria; p__Firmicutes; c__Clostridia; o__Lachnospirales; f__Lachnospiraceae; g__Roseburia; s__uncultured_bacterium	0.6
04276d363b9885bf4bfe3e63f630a2bb	1	False	Unassigned	1.0
68d81541b82d548c585671dd456bf5de	1	False	d__Bacteria; p__Firmicutes; c__Negativicutes; o__Acidaminococcales; f__Acidaminococcaceae; g__Acidaminococcus	1.0
6d3c62ee214e25c17a7629924b17b442	1	False	Unassigned	1.0
1d14a3fbff38a7545c1f582b88db9558	1	False	d__Bacteria; p__Bacteroidota; c__Bacteroidia; o__Bacteroidales; f__Tannerellaceae; g__Parabacteroides; s__uncultured_bacterium	0.9
7ff17404371e55f7ec75cef29f8923c0	1	False	d__Bacteria; p__Bacteroidota; c__Bacteroidia; o__Bacteroidales; f__Barnesiellaceae; g__Barnesiella; s__uncultured_bacterium	0.7
e0bff004e8ccf70d1680cde759ec0318	1	False	Unassigned	1.0
1126321425332d2dc78c58887c8bb36c	1	False	d__Bacteria; p__Firmicutes; c__Negativicutes; o__Veillonellales-Selenomonadales; f__Veillonellaceae; g__Veillonella; s__uncultured_bacterium	0.6
3103924b614cc6bbfeb940dad5468a13	1	False	d__Bacteria; p__Firmicutes; c__Clostridia; o__Oscillospirales; f__Oscillospiraceae; g__Flavonifractor	1.0
ec06fd95b40f6ff83adc62815c971ba3	1	False	d__Bacteria; p__Proteobacteria; c__Gammaproteobacteria; o__Enterobacterales; f__Enterobacteriaceae; g__Escherichia-Shigella	1.0
2a231f08891292ebf633fb67c2243110	1	False	d__Bacteria; p__Firmicutes; c__Clostridia; o__Lachnospirales; f__Lachnospiraceae; g__Blautia; s__uncultured_bacterium	0.8
530d3460c0874dd0cd67424fe3a81d53	1	False	d__Bacteria; p__Bacteroidota; c__Bacteroidia; o__Bacteroidales; f__Prevotellaceae; g__Prevotella; s__uncultured_bacterium	1.0
e6f088b392d1d51af559556ab19a799b	1	False	d__Bacteria; p__Bacteroidota; c__Bacteroidia; o__Bacteroidales; f__Marinifilaceae; g__Butyricimonas	0.9
6227f9ced63ab17d7914bf12f3ef68d2	1	False	d__Bacteria; p__Bacteroidota; c__Bacteroidia; o__Bacteroidales; f__Tannerellaceae; g__Parabacteroides	1.0
e5b51ecf90b9c9e9ab7714681e2a3e68	1	False	d__Bacteria; p__Firmicutes; c__Clostridia; o__Lachnospirales; f__Lachnospiraceae; g__Blautia; s__uncultured_bacterium	0.7
de8dd2c4518aac683d6a15e293659d42	1	False	d__Bacteria; p__Firmicutes; c__Negativicutes; o__Veillonellales-Selenomonadales; f__Veillonellaceae; g__Megasphaera; s__Megasphaera_hexanoica	0.6
fcbfde81bc141f18f1404b00508d886c	1	False	d__Bacteria; p__Firmicutes; c__Clostridia; o__Lachnospirales; f__Lachnospiraceae; g__Lachnospira; s__uncultured_bacterium	0.7
c6118eebc2df090a0a774aa6b333d7ef	1	False	d__Bacteria; p__Proteobacteria; c__Gammaproteobacteria; o__Burkholderiales; f__Neisseriaceae; g__Eikenella; s__uncultured_bacterium	0.6
c0964cf4d352b9020b03b283ffb5d71d	1	False	d__Bacteria; p__Firmicutes; c__Clostridia; o__Lachnospirales; f__Lachnospiraceae	1.0
7a5bcf419281b07a6e264665f3f783aa	1	False	d__Bacteria; p__Firmicutes; c__Clostridia; o__Peptostreptococcales-Tissierellales; f__Anaerovoracaceae; g__[Eubacterium]_brachy_group; s__uncultured_bacterium	0.7
efb138f05f0cdad993814f97e52021c3	1	False	d__Bacteria; p__Actinobacteriota; c__Actinobacteria; o__Actinomycetales; f__Actinomycetaceae; g__Actinomyces; s__uncultured_bacterium	0.7
d7c2d8f969df38c9049481ab3d49b06a	1	False	Unassigned	1.0
eccab839a45edd87251e3c3f36b9001b	1	False	d__Bacteria; p__Firmicutes; c__Clostridia; o__Clostridiales; f__Clostridiaceae; g__Clostridium_sensu_stricto_1; s__uncultured_bacterium	1.0
1af89e0412a7ff7bb73ad842ace8022c	1	False	d__Bacteria; p__Firmicutes; c__Clostridia; o__Oscillospirales; f__Oscillospiraceae; g__UCG-002; s__uncultured_bacterium	0.6
e1c3db1c752c38e321b78f0336efeda6	1	False	d__Bacteria; p__Bacteroidota; c__Bacteroidia; o__Bacteroidales; f__Bacteroidaceae; g__Bacteroides; s__uncultured_organism	0.8
ad3c59c487339d1c745a76b828f5f830	1	False	d__Bacteria; p__Bacteroidota; c__Bacteroidia; o__Bacteroidales; f__Prevotellaceae; g__Prevotella; s__uncultured_bacterium	0.9
97a69a9c34d944d9bd6efc28dffa9c1e	1	False	Unassigned	1.0
358b4931fc15dfba03ff741975682561	1	False	d__Bacteria; p__Firmicutes; c__Clostridia; o__Oscillospirales; f__Oscillospiraceae; g__UCG-005; s__uncultured_bacterium	0.7
5678c659f051ac6ee8a919340e122728	1	False	d__Bacteria; p__Firmicutes; c__Clostridia; o__Lachnospirales; f__Lachnospiraceae; g__[Ruminococcus]_torques_group; s__uncultured_bacterium	0.6
82b460dffcac525187a2053cadbe391d	1	False	d__Bacteria; p__Bacteroidota; c__Bacteroidia; o__Bacteroidales; f__Prevotellaceae; g__Alloprevotella; s__uncultured_bacterium	0.9
d10dcd273519737223d4bd7ef42d45be	1	False	d__Bacteria; p__Firmicutes; c__Clostridia; o__Lachnospirales; f__Lachnospiraceae; g__Blautia; s__uncultured_bacterium	1.0
ce920fe1878f52dc171c73921af67ca8	1	False	d__Bacteria; p__Firmicutes; c__Negativicutes; o__Veillonellales-Selenomonadales; f__Veillonellaceae; g__Dialister; s__uncultured_bacterium	0.9
f2ef770661f8e5f12cc7df7098d0508f	1	False	d__Bacteria; p__Bacteroidota; c__Bacteroidia; o__Bacteroidales; f__Prevotellaceae; g__Prevotella; s__uncultured_bacterium	1.0
2b6c9cc7f90aaa0f2692f7f482bb56a2	1	False	d__Bacteria; p__Bacteroidota; c__Bacteroidia; o__Bacteroidales; f__Prevotellaceae; g__Alloprevotella; s__uncultured_bacterium	0.7
28ca5294009475322aa4a5d09cd182ee	1	False	d__Bacteria; p__Proteobacteria; c__Gammaproteobacteria; o__Pasteurellales; f__Pasteurellaceae; g__Haemophilus; s__uncultured_bacterium	1.0
cd9517b7c89912f75b007753f300b606	1	False	d__Bacteria; p__Bacteroidota; c__Bacteroidia; o__Bacteroidales; f__Bacteroidaceae; g__Bacteroides; s__Bacteroides_fragilis	0.6
a9c254129f7a6ae57816b4a3a02809c0	1	False	d__Bacteria; p__Actinobacteriota; c__Actinobacteria; o__Micrococcales; f__Micrococcaceae; g__Rothia; s__uncultured_bacterium	0.9
1542e91c99d9766e4afa866f20f227e2	1	False	d__Bacteria; p__Firmicutes; c__Bacilli; o__Staphylococcales; f__Staphylococcaceae; g__Staphylococcus; s__Staphylococcus_aureus	1.0
6b249a888ca64ed2f9c847dfb7630a77	1	False	d__Bacteria; p__Firmicutes; c__Bacilli; o__Lactobacillales; f__Streptococcaceae; g__Streptococcus; s__uncultured_bacterium	0.8
249613ffd6dd1d5392d9a17e345d1859	1	False	d__Bacteria; p__Firmicutes; c__Clostridia; o__Oscillospirales; f__Ruminococcaceae; g__Faecalibacterium; s__uncultured_bacterium	1.0
bedc689feb2566fa84a88fb77286f289	1	False	Unassigned	1.0
00a7069c61887549a552b1a92f4507fb	1	False	d__Bacteria; p__Proteobacteria; c__Gammaproteobacteria; o__Enterobacterales; f__Morganellaceae; g__Morganella; s__Morganella_morganii	1.0
7912cf391f8b2ca1b7f90c66b58a5866	1	False	d__Bacteria; p__Proteobacteria; c__Gammaproteobacteria; o__Burkholderiales; f__Sutterellaceae; g__Sutterella	0.667
4ea511440ea286639447433445253543	1	False	d__Bacteria; p__Firmicutes; c__Clostridia; o__Lachnospirales; f__Lachnospiraceae; g__[Ruminococcus]_gauvreauii_group; s__uncultured_bacterium	0.8
e6a5ab12c094dcf4696ab963ba47be31	1	False	Unassigned	1.0
c0904ef643f947d5b5ba5f8d46382e1c	1	False	d__Bacteria; p__Firmicutes; c__Clostridia; o__Oscillospirales; f__Ruminococcaceae; g__Subdoligranulum; s__uncultured_bacterium	0.8
ff48138c31fd36d7c7e09ed7e5b9f384	1	False	Unassigned	1.0
79c4cf001e58b0bc86cfa1a2c179a065	1	False	d__Bacteria; p__Firmicutes; c__Clostridia; o__Lachnospirales; f__Lachnospiraceae; g__Dorea; s__uncultured_bacterium	1.0
3bb6b1a6c9a71253abce7d9dba4347a4	1	False	d__Bacteria; p__Bacteroidota; c__Bacteroidia; o__Bacteroidales; f__Marinifilaceae; g__Butyricimonas	1.0
4064b5c1f1ee3f1913f8ae3d03a2b864	1	False	d__Bacteria; p__Firmicutes; c__Clostridia; o__Peptostreptococcales-Tissierellales; f__Anaerovoracaceae; g__Family_XIII_AD3011_group; s__uncultured_bacterium	0.8
58369bfa0b534d00d07373bfd799b706	1	False	d__Bacteria; p__Bacteroidota; c__Bacteroidia; o__Bacteroidales; f__Marinifilaceae; g__Butyricimonas; s__uncultured_organism	0.6
3ebe175267bba6a66857e632abbc9118	1	False	d__Bacteria; p__Bacteroidota; c__Bacteroidia; o__Bacteroidales; f__Rikenellaceae; g__Alistipes; s__uncultured_bacterium	0.7
4e806835cddd405bc0170250525eed69	1	False	d__Bacteria; p__Firmicutes; c__Clostridia; o__Oscillospirales; f__Ruminococcaceae; g__Ruminococcus; s__uncultured_bacterium	0.9
dd6f9589391b8bec956da405bb1990b3	1	False	d__Bacteria; p__Firmicutes; c__Clostridia; o__Christensenellales; f__Christensenellaceae; g__Christensenellaceae_R-7_group; s__uncultured_bacterium	0.7
769f70473aa8644826fb887c1b01d94c	1	False	d__Bacteria; p__Firmicutes; c__Clostridia; o__Lachnospirales; f__Lachnospiraceae; g__Lachnospiraceae_UCG-001; s__uncultured_bacterium	0.8
395e5287040fae07add2791b80ba0836	1	False	Unassigned	1.0
4e3bb84540252573dc9e4fcc73f40efc	1	False	Unassigned	1.0
b0aec94de42a3a30702b2d247b24de83	1	False	d__Bacteria; p__Actinobacteriota; c__Actinobacteria; o__Micrococcales; f__Microbacteriaceae; g__Microbacterium; s__Microbacterium_sp.	0.6
9d383c34bfe10d9761634878b87fe834	1	False	d__Bacteria; p__Firmicutes; c__Clostridia; o__Oscillospirales; f__Ruminococcaceae	1.0
a6f49386e5fe823f883be2c1fe152c84	1	False	d__Bacteria; p__Bacteroidota; c__Bacteroidia; o__Bacteroidales; f__Prevotellaceae; g__Prevotella; s__uncultured_bacterium	1.0
8a148378cf0f5ad132d2ff26b408ca67	1	False	d__Bacteria; p__Proteobacteria; c__Gammaproteobacteria; o__Aeromonadales; f__Aeromonadaceae; g__Aeromonas; s__Aeromonas_sp.	0.6
113f6548ba2c1c2b15e6f647ed96a5af	1	False	d__Bacteria; p__Bacteroidota; c__Bacteroidia; o__Bacteroidales; f__Bacteroidaceae; g__Bacteroides; s__Bacteroides_thetaiotaomicron	0.7
6c91aab34ba781bf75dea66521e5cac0	1	False	d__Bacteria; p__Proteobacteria; c__Gammaproteobacteria; o__Burkholderiales; f__Sutterellaceae; g__Sutterella; s__uncultured_bacterium	0.8
f1a5e5daf09d37be2e9a1aaf68da7e39	1	False	d__Bacteria; p__Firmicutes; c__Bacilli; o__Erysipelotrichales; f__Erysipelotrichaceae; g__Erysipelotrichaceae_UCG-006; s__uncultured_bacterium	0.9
555fefd3b635d26df994171f235eebd5	1	False	Unassigned	1.0
146e9b3d5b2bfb4f2362881f9ae8d401	1	False	d__Bacteria; p__Firmicutes; c__Clostridia; o__Peptococcales; f__Peptococcaceae; g__Peptococcus; s__uncultured_bacterium	1.0
41b8e41d77eb29f96d30d9335f88c419	1	False	d__Bacteria; p__Bacteroidota; c__Bacteroidia; o__Bacteroidales; f__uncultured; g__uncultured	1.0
57fad93f8e266a24f869c77837bf7222	1	False	Unassigned	1.0
88b559d6d1f8f1e013e6e3d506b594bd	1	False	d__Bacteria; p__Firmicutes; c__Clostridia; o__Lachnospirales; f__Lachnospiraceae; g__Blautia; s__uncultured_bacterium	0.667
da9a9dbda2b63a35ed52b64ce95064f3	1	False	d__Bacteria; p__Firmicutes; c__Clostridia; o__Lachnospirales; f__Lachnospiraceae; g__[Eubacterium]_ruminantium_group; s__uncultured_bacterium	0.9
4d5af166ff47c51b7999b59154b958c7	1	False	d__Bacteria; p__Firmicutes; c__Clostridia; o__Lachnospirales; f__Lachnospiraceae; g__[Ruminococcus]_gnavus_group	0.7
3cd52911420890fefd2099553411fdb4	1	False	d__Bacteria; p__Proteobacteria; c__Gammaproteobacteria; o__Aeromonadales; f__Aeromonadaceae; g__Aeromonas; s__Aeromonas_sp.	0.6
af633f88e9ba4ac63300b68bbd8acd04	1	False	d__Bacteria; p__Firmicutes; c__Clostridia; o__Oscillospirales; f__Ruminococcaceae; g__Faecalibacterium	1.0
b171f04e54ca5de2b48dbdf383cc61e5	1	False	d__Bacteria; p__Bacteroidota; c__Bacteroidia; o__Bacteroidales; f__Prevotellaceae; g__Paraprevotella; s__uncultured_bacterium	0.9
53a3934b3eae335a68a6bb2dc49e8bf0	1	False	Unassigned	1.0
ede5677855d7929c878dd23cb6531b28	1	False	Unassigned	1.0
c9d316b8bd9885c4aa869e60920858c0	1	False	d__Bacteria; p__Bacteroidota; c__Bacteroidia; o__Bacteroidales; f__Bacteroidaceae; g__Bacteroides; s__Bacteroides_fragilis	0.6
40872e92c30c06a92f82cc9e0417cd0b	1	False	d__Bacteria; p__Firmicutes; c__Clostridia; o__Lachnospirales; f__Lachnospiraceae; g__Lachnospiraceae_UCG-004; s__uncultured_bacterium	1.0
e71d4cdd5866045d7376c492c266d412	1	False	d__Bacteria; p__Firmicutes; c__Bacilli; o__Lactobacillales; f__Streptococcaceae; g__Streptococcus	0.6
90a874495937c623bbb15690bf9d47e6	1	False	d__Bacteria; p__Firmicutes; c__Clostridia; o__Lachnospirales; f__Lachnospiraceae; g__Lachnoclostridium; s__uncultured_bacterium	0.9
77da615b8d019c464a9910185fee274b	1	False	d__Bacteria; p__Actinobacteriota; c__Actinobacteria; o__Micrococcales; f__Micrococcaceae; g__Rothia; s__uncultured_bacterium	0.8
7bfc24f2ac59ed50002560b53349f812	1	False	d__Bacteria; p__Firmicutes; c__Clostridia; o__Lachnospirales; f__Lachnospiraceae; g__Roseburia; s__uncultured_bacterium	0.6
f02876c941bd833406f38f81d98def92	1	False	d__Bacteria; p__Firmicutes; c__Clostridia; o__Oscillospirales; f__[Eubacterium]_coprostanoligenes_group; g__[Eubacterium]_coprostanoligenes_group; s__uncultured_bacterium	0.9
a8cd7275b13d0b3dfbbbbd2829c3fceb	1	False	d__Bacteria; p__Firmicutes; c__Clostridia; o__Oscillospirales; f__Butyricicoccaceae; g__UCG-009; s__uncultured_bacterium	1.0
6ffd816ba18f4a18d9b695c26420a227	1	False	d__Bacteria; p__Firmicutes; c__Bacilli; o__Erysipelotrichales; f__Erysipelatoclostridiaceae; g__Erysipelatoclostridium	1.0
0b62cc8109764284e9804b3fc7d7a1dc	1	False	d__Bacteria; p__Bacteroidota; c__Bacteroidia; o__Bacteroidales; f__Prevotellaceae; g__Prevotellaceae_UCG-003; s__uncultured_bacterium	1.0
8a66e4725750e40bd19b1770b6b845de	1	False	d__Bacteria; p__Firmicutes; c__Clostridia; o__Oscillospirales; f__Ruminococcaceae; g__Ruminococcus; s__uncultured_bacterium	0.9
551c1a0d77611dc3a70d0243e18dfc3b	1	False	d__Bacteria; p__Firmicutes; c__Clostridia; o__Peptococcales; f__Peptococcaceae	0.9
a03dd94a84712d629f7c36b3fb15b451	1	False	d__Bacteria; p__Firmicutes; c__Negativicutes; o__Veillonellales-Selenomonadales; f__Selenomonadaceae; g__Megamonas; s__uncultured_bacterium	0.7
47706650dcd4e67a16cee31244cb8aa9	1	False	d__Bacteria; p__Firmicutes; c__Clostridia; o__Lachnospirales; f__Lachnospiraceae; g__uncultured	0.8
643b00ca868010febe0d3169bbaa4452	1	False	d__Bacteria; p__Firmicutes; c__Clostridia; o__Clostridia_vadinBB60_group; f__Clostridia_vadinBB60_group; g__Clostridia_vadinBB60_group; s__uncultured_bacterium	0.7
265e034ee0b5fca960af39b45ed3c17e	1	False	d__Bacteria; p__Verrucomicrobiota; c__Lentisphaeria; o__Victivallales; f__Victivallaceae; g__Victivallaceae; s__uncultured_bacterium	0.6
74800310bd5c44852a47dfe7f0284844	1	False	Unassigned	1.0
0a8f186d12dd8aa89cc9f3b38d6027bd	1	False	d__Bacteria; p__Bacteroidota; c__Bacteroidia; o__Bacteroidales; f__Bacteroidaceae; g__Bacteroides; s__Bacteroides_fragilis	0.8
ac321684e17036528224248e80a8545e	1	False	Unassigned	1.0
e4f044cd925533a5664bffeca467d448	1	False	Unassigned	1.0
a5daf5448b8e617c564d63f4e15219b0	1	False	d__Bacteria; p__Bacteroidota; c__Bacteroidia; o__Bacteroidales; f__Bacteroidaceae; g__Bacteroides	1.0
3372466b5571d6ba24b58dff8bbecc2e	1	False	d__Bacteria; p__Firmicutes	1.0
f58bf3c3804910bb3159577939533225	1	False	d__Bacteria; p__Firmicutes; c__Clostridia; o__Lachnospirales; f__Lachnospiraceae; g__Blautia; s__uncultured_bacterium	0.7
70566f055caf3efe7f5196559eebdfec	1	False	d__Bacteria; p__Firmicutes; c__Clostridia; o__Oscillospirales; f__Butyricicoccaceae	1.0
613e9c23b2630d86e039bb395232389e	1	False	d__Bacteria; p__Firmicutes; c__Clostridia; o__Oscillospirales; f__Ruminococcaceae; g__uncultured; s__uncultured_bacterium	0.8
c914d1454b71470e8d7733b05275d65f	1	False	d__Bacteria; p__Firmicutes; c__Clostridia; o__Lachnospirales; f__Lachnospiraceae; g__uncultured; s__uncultured_bacterium	0.6
53898bd6114f7fb8c7de9081d6c661f7	1	False	d__Bacteria; p__Bacteroidota; c__Bacteroidia; o__Bacteroidales; f__Tannerellaceae; g__Parabacteroides; s__uncultured_bacterium	0.7
d118dedcb8277a28e6d3ae772fe1a2be	1	False	d__Bacteria; p__Firmicutes; c__Clostridia; o__Lachnospirales; f__Lachnospiraceae; g__[Eubacterium]_ventriosum_group; s__uncultured_bacterium	1.0
f3ca08f9bbac735a9686685ad95f238e	1	False	d__Bacteria; p__Firmicutes; c__Bacilli; o__Lactobacillales; f__Lactobacillaceae; g__Lactobacillus; s__Lactobacillus_gasseri	0.8
c884a0be63243c00a4759aa9c7f7549d	1	False	d__Bacteria; p__Bacteroidota; c__Bacteroidia; o__Bacteroidales; f__Prevotellaceae; g__Prevotella; s__uncultured_bacterium	1.0
6a8e34c34c852052fbb2ef47f31923cf	1	False	d__Bacteria; p__Actinobacteriota; c__Actinobacteria; o__Bifidobacteriales; f__Bifidobacteriaceae; g__Bifidobacterium	1.0
135ea3e4d147e2cf6e381bd218ca38c2	1	False	d__Bacteria; p__Firmicutes; c__Negativicutes; o__Veillonellales-Selenomonadales; f__Veillonellaceae; g__Veillonella	1.0
675783333d5522953a635873005580c9	1	False	d__Bacteria; p__Firmicutes; c__Clostridia; o__Oscillospirales; f__[Eubacterium]_coprostanoligenes_group; g__[Eubacterium]_coprostanoligenes_group; s__uncultured_bacterium	0.9
88a81e5c1e011bc4a3d6e115c5b2d4f1	1	False	d__Bacteria; p__Firmicutes; c__Clostridia; o__Lachnospirales; f__Lachnospiraceae	1.0
75674c841bd4351cf5980c264d4eeb76	1	False	d__Bacteria; p__Proteobacteria; c__Gammaproteobacteria; o__Burkholderiales; f__Sutterellaceae; g__Sutterella; s__uncultured_bacterium	0.8
dae628e64ee06181241318e1f893444b	1	False	d__Bacteria; p__Firmicutes; c__Bacilli; o__Erysipelotrichales; f__Erysipelatoclostridiaceae; g__Erysipelatoclostridium; s__uncultured_bacterium	0.7
c3a49449e31b932d4ad600a0f6539365	1	False	d__Bacteria; p__Firmicutes; c__Clostridia; o__Oscillospirales; f__Ruminococcaceae; g__Incertae_Sedis; s__uncultured_bacterium	0.7
df9e653fd89343d0cf35de2ccdac8eba	1	False	Unassigned	1.0
628a15b855021964fbfb66e35da52a50	1	False	d__Bacteria; p__Firmicutes; c__Clostridia; o__Lachnospirales; f__Lachnospiraceae; g__Blautia; s__uncultured_bacterium	0.7
24e73d7cbd797efe598d067a1c19c021	1	False	d__Bacteria; p__Bacteroidota; c__Bacteroidia; o__Bacteroidales; f__Prevotellaceae; g__Prevotella; s__uncultured_bacterium	0.7
3fde26fe3c78c08cd2ac3351530b4b86	1	False	d__Bacteria; p__Firmicutes; c__Clostridia; o__Oscillospirales; f__Oscillospiraceae	0.8
afb7ed068f7c4da60656a594c3193e30	1	False	d__Bacteria; p__Firmicutes; c__Clostridia; o__Oscillospirales; f__Butyricicoccaceae; g__Butyricicoccus; s__uncultured_bacterium	0.8
944112f12efb340dc5f27f456444a36a	1	False	d__Bacteria; p__Bacteroidota; c__Bacteroidia; o__Bacteroidales; f__Tannerellaceae; g__Tannerella	0.8
aa11b11a0b308c1d9d1bb71d81baff87	1	False	d__Bacteria; p__Firmicutes; c__Clostridia; o__Lachnospirales; f__Lachnospiraceae; g__Tyzzerella	0.7
37c8715c54ee03ec33194ad944a77f04	1	False	d__Bacteria; p__Proteobacteria; c__Gammaproteobacteria; o__Burkholderiales; f__Sutterellaceae; g__Sutterella	0.7
3dae913affbb87cdadec60eeed2af27c	1	False	d__Bacteria; p__Fusobacteriota; c__Fusobacteriia; o__Fusobacteriales; f__Fusobacteriaceae; g__Fusobacterium	1.0
445e59652a7deaa04b2903ddfc7f6269	1	False	d__Bacteria; p__Firmicutes; c__Clostridia; o__Lachnospirales; f__Lachnospiraceae; g__Coprococcus; s__uncultured_bacterium	0.8
af3e531597aa05365688feb294119c3e	1	False	d__Bacteria; p__Firmicutes; c__Clostridia; o__Lachnospirales; f__Lachnospiraceae; g__Blautia; s__uncultured_bacterium	0.8
92eddee421b7899a7359a59cb1cc4820	1	False	d__Bacteria; p__Proteobacteria; c__Gammaproteobacteria; o__Pasteurellales; f__Pasteurellaceae; g__Haemophilus; s__uncultured_bacterium	0.9
acefac6f03204bc5049265da7db5f70a	1	False	d__Bacteria; p__Firmicutes; c__Clostridia; o__Oscillospirales; f__Ruminococcaceae; g__uncultured; s__uncultured_bacterium	0.9
dd5d94f04ddb9c79f3c6b1048d220ad1	1	False	d__Bacteria; p__Firmicutes; c__Clostridia; o__Oscillospirales; f__Oscillospiraceae; g__Oscillibacter	0.6
5b211ef3787d2d1768d9ea5affe14df2	1	False	d__Bacteria; p__Firmicutes; c__Negativicutes; o__Veillonellales-Selenomonadales; f__Veillonellaceae; g__Dialister; s__uncultured_bacterium	0.9
57f3f90302a1e996ce7e8f6cd7238315	1	False	Unassigned	1.0
2104a0789bb92b35245556663910fabe	1	False	d__Bacteria; p__Firmicutes; c__Clostridia; o__Oscillospirales; f__Oscillospiraceae; g__NK4A214_group; s__uncultured_bacterium	0.7
ae619b7af8e381112bbcf6c9a37c008e	1	False	d__Bacteria; p__Bacteroidota; c__Bacteroidia; o__Bacteroidales; f__Bacteroidaceae; g__Bacteroides; s__uncultured_bacterium	0.9
0b1a2847522105102173d2723570ecab	1	False	Unassigned	1.0
5f370ac909321e883adcb4799b534ce9	1	False	d__Bacteria; p__Firmicutes; c__Clostridia; o__Oscillospirales; f__Oscillospiraceae; g__UCG-005; s__uncultured_bacterium	0.9
292f6c7d7fc74e0c8ac9ceb82531f973	1	False	d__Bacteria; p__Proteobacteria; c__Gammaproteobacteria; o__Enterobacterales; f__Enterobacteriaceae; g__Klebsiella	0.6
2de9df4fc248acabc6f335c898355747	1	False	d__Bacteria; p__Firmicutes; c__Clostridia; o__Oscillospirales; f__Oscillospiraceae; g__uncultured; s__uncultured_bacterium	0.6
fffb201b6d7f92b0270dcc2b07e880c8	1	False	d__Bacteria; p__Firmicutes; c__Clostridia; o__Eubacteriales; f__Eubacteriaceae; g__Eubacterium; s__Eubacterium_limosum	0.6
3b9656ab781e0874e46ed836827d38fd	1	False	d__Bacteria; p__Firmicutes; c__Bacilli; o__RF39; f__RF39; g__RF39; s__uncultured_bacterium	1.0
a4a8eb61817bd42093257dc2b371a186	1	False	d__Bacteria; p__Bacteroidota; c__Bacteroidia; o__Bacteroidales; f__Prevotellaceae; g__Prevotella; s__uncultured_bacterium	0.8
22c3e254d7229f82439edcc61e218ae4	1	False	d__Bacteria; p__Firmicutes; c__Clostridia; o__Lachnospirales; f__Lachnospiraceae; g__uncultured; s__uncultured_bacterium	0.8
67f5482dc6bdfdb3488026668feda370	1	False	d__Bacteria; p__Firmicutes; c__Bacilli; o__Lactobacillales; f__Enterococcaceae; g__Enterococcus; s__Enterococcus_faecium	1.0
aeb7d5921de3160da2c4a3fc668b0f78	1	False	Unassigned	1.0
837b99c813c89596edcaadae2bb5235e	1	False	d__Bacteria; p__Firmicutes; c__Negativicutes; o__Veillonellales-Selenomonadales; f__Veillonellaceae; g__Veillonella	1.0
50d3445948b8d11e1bdb00956cd46912	1	False	d__Bacteria; p__Firmicutes; c__Clostridia; o__Oscillospirales; f__Oscillospiraceae; g__UCG-002; s__uncultured_bacterium	0.7
892c24c6a307a34f460505bf47189cdc	1	False	d__Bacteria; p__Firmicutes; c__Clostridia; o__Lachnospirales; f__Lachnospiraceae; g__uncultured; s__uncultured_bacterium	0.7
e8709672a22ba5aabe0c5b1c66c90cf7	1	False	d__Bacteria; p__Firmicutes; c__Clostridia; o__Peptostreptococcales-Tissierellales; f__Anaerovoracaceae; g__Family_XIII_AD3011_group; s__uncultured_bacterium	0.8
cd97ac97b4e9861ea05ea880e39fef96	1	False	d__Bacteria; p__Firmicutes; c__Negativicutes; o__Veillonellales-Selenomonadales; f__Veillonellaceae; g__Veillonella	1.0
4c19c8fe7d27d9e878442d51f1d00189	1	False	d__Bacteria; p__Firmicutes; c__Bacilli; o__Lactobacillales; f__Streptococcaceae; g__Lactococcus	1.0
c1315987d3e1bb51e80cd43716ebfb60	1	False	d__Bacteria; p__Firmicutes; c__Clostridia; o__Lachnospirales; f__Lachnospiraceae; g__Anaerostipes; s__uncultured_bacterium	1.0
edd996e61a8175cb3964986702e21346	1	False	d__Bacteria; p__Firmicutes; c__Clostridia; o__Lachnospirales; f__Lachnospiraceae	1.0
c0b84f2cc86545e08e371f70aa1f8a91	1	False	d__Bacteria; p__Firmicutes; c__Clostridia; o__Oscillospirales	0.6
e781bcef3342d1f48e73519e4945db31	1	False	d__Bacteria; p__Proteobacteria; c__Gammaproteobacteria; o__Burkholderiales; f__Sutterellaceae; g__Sutterella	1.0
244bee25b63f157f89f1e97e608f5c47	1	False	d__Bacteria; p__Firmicutes; c__Bacilli; o__Lactobacillales; f__Lactobacillaceae; g__Lactobacillus	1.0
c6e814abef66222fb0754a7e17bcc044	1	False	d__Bacteria; p__Firmicutes	1.0
fbccd2bd5f3fca007928d768944139df	1	False	d__Bacteria; p__Firmicutes; c__Clostridia; o__Lachnospirales; f__Lachnospiraceae; g__Lachnospiraceae_UCG-003; s__uncultured_bacterium	0.8
25310c7789f9076c6285289c552757de	1	False	d__Bacteria; p__Firmicutes; c__Bacilli; o__Staphylococcales; f__Gemellaceae; g__Gemella; s__uncultured_bacterium	0.6
e10cddcf1939974457985aee7d8394bd	1	False	Unassigned	1.0
daf85d86d21571e98e77a15fc6cd9e65	1	False	d__Bacteria; p__Bacteroidota; c__Bacteroidia; o__Bacteroidales; f__Marinifilaceae; g__Butyricimonas	1.0
c76ca3ca65fda21e6725a46a065c80f3	1	False	d__Bacteria; p__Firmicutes; c__Clostridia; o__Oscillospirales; f__Ruminococcaceae	0.8
490cf92859ac4479ca22386ff930735c	1	False	d__Bacteria; p__Firmicutes; c__Clostridia; o__Oscillospirales; f__Oscillospiraceae; g__UCG-007	0.7
44fad78bb190669529c6af139f082f3a	1	False	d__Bacteria; p__Firmicutes; c__Clostridia; o__Lachnospirales; f__Lachnospiraceae; g__[Ruminococcus]_torques_group; s__uncultured_bacterium	0.8
30474c58075151ad0fc0a17f72d641dd	1	False	d__Bacteria; p__Fusobacteriota; c__Fusobacteriia; o__Fusobacteriales; f__Fusobacteriaceae; g__Fusobacterium; s__Fusobacterium_periodonticum	0.9
341f7c87bee33b1957d86a760048c2b9	1	False	d__Bacteria; p__Bacteroidota; c__Bacteroidia; o__Bacteroidales; f__Bacteroidaceae; g__Bacteroides; s__uncultured_bacterium	0.6
19a6bf2bac2f1eda36feda7b342d2fb5	1	False	d__Bacteria; p__Proteobacteria; c__Gammaproteobacteria; o__Enterobacterales; f__Morganellaceae; g__Proteus	1.0
5fe20dee7aca3384ca3538a216129b15	1	False	d__Bacteria; p__Bacteroidota; c__Bacteroidia; o__Bacteroidales; f__Rikenellaceae; g__Alistipes; s__Alistipes_finegoldii	0.6
577ee279fd255fd4b05adfb37996f177	1	False	d__Bacteria; p__Firmicutes; c__Clostridia; o__Peptostreptococcales-Tissierellales; f__Anaerovoracaceae; g__Family_XIII_AD3011_group; s__uncultured_bacterium	0.8
fdadec9f6b594c5f16759d829ad597be	1	False	d__Bacteria; p__Campilobacterota; c__Campylobacteria; o__Campylobacterales; f__Campylobacteraceae; g__Campylobacter; s__Campylobacter_rectus	0.6
fef8a257449beebb98e8ab2ddab4fee4	1	False	d__Bacteria; p__Firmicutes; c__Clostridia; o__Christensenellales; f__Christensenellaceae; g__Christensenellaceae_R-7_group; s__uncultured_bacterium	0.9
19b983fbef9ea3f96ecb96381081f965	1	False	d__Bacteria; p__Firmicutes; c__Clostridia; o__Christensenellales; f__Christensenellaceae; g__Christensenellaceae_R-7_group; s__uncultured_bacterium	0.6
284868de90f6cc2170da529c878afc30	1	False	d__Bacteria; p__Bacteroidota; c__Bacteroidia; o__Bacteroidales; f__Bacteroidaceae; g__Bacteroides	0.8
04b8458f4bfd4c1c9749a946c7f148ce	1	False	d__Bacteria; p__Firmicutes; c__Clostridia; o__Oscillospirales; f__Oscillospiraceae; g__UCG-002; s__uncultured_bacterium	0.7
ba29c416e033ff472eeebb9a10e5f8ac	1	False	d__Bacteria; p__Fusobacteriota; c__Fusobacteriia; o__Fusobacteriales; f__Fusobacteriaceae; g__Cetobacterium; s__uncultured_bacterium	0.9
c532c6d7031e7ee2ca2a7779435bf9f3	1	False	d__Bacteria; p__Proteobacteria; c__Gammaproteobacteria; o__Pasteurellales; f__Pasteurellaceae; g__Aggregatibacter; s__uncultured_bacterium	0.8
16aabbe883060fbe8f2e1b783db61402	1	False	d__Bacteria; p__Firmicutes; c__Negativicutes; o__Veillonellales-Selenomonadales; f__Selenomonadaceae; g__Mitsuokella; s__uncultured_bacterium	0.8
99b0d79379f89fed8307bd8fa48d49b0	1	False	d__Bacteria; p__Firmicutes; c__Clostridia	1.0
8302230fee8b0e524dc372e6e97211e1	1	False	d__Bacteria; p__Firmicutes; c__Clostridia; o__Oscillospirales; f__Ruminococcaceae; g__Anaerotruncus	0.9
6cea31e754bddde5d3450a21ee909c89	1	False	d__Bacteria; p__Firmicutes; c__Clostridia; o__Peptostreptococcales-Tissierellales; f__Anaerovoracaceae; g__Family_XIII_AD3011_group; s__uncultured_bacterium	0.7
8ec65b4d8f1741a5d835bd643f7ae760	1	False	d__Bacteria; p__Firmicutes; c__Clostridia; o__Peptococcales; f__Peptococcaceae; g__uncultured; s__uncultured_bacterium	0.6
5b73624389bdeefe2e60939ff943220f	1	False	d__Bacteria; p__Actinobacteriota; c__Coriobacteriia; o__Coriobacteriales; f__Eggerthellaceae; g__uncultured; s__uncultured_bacterium	1.0
f970176562d2e45d94ea0f95e05f36fb	1	False	d__Bacteria; p__Firmicutes; c__Clostridia; o__Lachnospirales; f__Defluviitaleaceae; g__Defluviitaleaceae_UCG-011; s__uncultured_bacterium	1.0
fac8e9ac06743c2f97cd963ea7c20a90	1	False	d__Bacteria; p__Bacteroidota; c__Bacteroidia; o__Flavobacteriales; f__Flavobacteriaceae; g__uncultured; s__gut_metagenome	1.0
6ba6216d5b858f019ece75e1d4f5f724	1	False	d__Bacteria; p__Firmicutes; c__Clostridia; o__Lachnospirales; f__Lachnospiraceae	1.0
ddb16ab8fc9771c706010a6ac87e9962	1	False	Unassigned	1.0
0f026e7e471d95a95a2fce6068f0ef75	1	False	d__Bacteria; p__Firmicutes; c__Clostridia; o__Lachnospirales; f__Lachnospiraceae; g__Lachnoclostridium	0.7
bd80cb3d25549292d603ed245303891b	1	False	d__Bacteria; p__Firmicutes; c__Clostridia; o__Peptostreptococcales-Tissierellales; f__Peptostreptococcales-Tissierellales; g__Parvimonas	1.0
80454028dea788703ce2caa7a6829181	1	False	d__Bacteria; p__Proteobacteria; c__Gammaproteobacteria; o__Pasteurellales; f__Pasteurellaceae; g__Actinobacillus	0.9
e2edb795e221649a04f6930030239f37	1	False	d__Bacteria; p__Firmicutes; c__Clostridia; o__Lachnospirales; f__Lachnospiraceae; g__Lachnospiraceae_NK4A136_group; s__uncultured_bacterium	0.6
6c5bf32286fb8f8518af87d2e83f4143	1	False	d__Bacteria; p__Firmicutes; c__Negativicutes; o__Veillonellales-Selenomonadales; f__Veillonellaceae; g__Veillonella	1.0
0290f27957e1ed98763d960bd18adee4	1	False	Unassigned	1.0
c12e33a0a9682c774dca5456b2a5fa7c	1	False	d__Bacteria; p__Firmicutes; c__Clostridia; o__Oscillospirales; f__Oscillospiraceae; g__UCG-005; s__uncultured_bacterium	0.7
16a7c79ac2446efbf03189e6286f783b	1	False	d__Bacteria; p__Firmicutes; c__Clostridia; o__Lachnospirales; f__Lachnospiraceae	1.0
3c1fb1781a46511d544a29ba5c6541a7	1	False	d__Bacteria; p__Firmicutes; c__Clostridia; o__Lachnospirales; f__Lachnospiraceae; g__Lachnospiraceae_NK4A136_group; s__uncultured_bacterium	0.8
7419e529ed927ca6611c8a9f0e491bc4	1	False	d__Bacteria; p__Firmicutes; c__Clostridia; o__Oscillospirales; f__Oscillospiraceae; g__UCG-005; s__uncultured_bacterium	0.9
4745dee3b51c9f111d4510b3fdc13cbe	1	False	d__Bacteria; p__Firmicutes; c__Clostridia; o__Oscillospirales; f__Ruminococcaceae; g__Incertae_Sedis; s__uncultured_bacterium	1.0
b8edc3fe38b76368f38f4ed76c558a47	1	False	d__Bacteria; p__Firmicutes; c__Clostridia; o__Oscillospirales; f__Ruminococcaceae; g__Faecalibacterium	1.0
c89bc4d527eaa45f5ba5fcf9f917419a	1	False	d__Bacteria; p__Firmicutes; c__Clostridia; o__Lachnospirales; f__Lachnospiraceae; g__Anaerostipes	0.7
0ec560dddb8926df6e8219674207cde2	1	False	d__Bacteria; p__Fusobacteriota; c__Fusobacteriia; o__Fusobacteriales; f__Fusobacteriaceae; g__Fusobacterium; s__Fusobacterium_varium	0.7
08374ed771175febb6924dc1bf92cf71	1	False	d__Bacteria; p__Bacteroidota; c__Bacteroidia; o__Bacteroidales; f__Tannerellaceae; g__Parabacteroides	1.0
72f62e44cbe3e1087304815b4782f061	1	False	d__Bacteria; p__Firmicutes; c__Clostridia; o__Lachnospirales; f__Lachnospiraceae; g__uncultured; s__uncultured_bacterium	0.9
12ad83a09ea123c7cc597a91f07c9af1	1	False	Unassigned	1.0
9dd25008c927dc91a36f5fc836a7db06	1	False	Unassigned	1.0
0227b8e982dd04e03eb3c6a52ac18db4	1	False	Unassigned	1.0
972eda9ebe2368f93a2048d2d8d799f5	1	False	d__Bacteria; p__Firmicutes; c__Clostridia; o__Lachnospirales; f__Lachnospiraceae; g__Lachnoclostridium	0.6
a00b2e2915635f9c6621246498abe128	1	False	d__Bacteria; p__Firmicutes; c__Clostridia; o__Lachnospirales; f__Lachnospiraceae; g__[Ruminococcus]_torques_group	0.7
eb3f12648c9f08a22ff4ebbeff9a6bca	1	False	Unassigned	1.0
65860a17ff714920365878436925035f	1	False	d__Bacteria; p__Firmicutes; c__Clostridia; o__Peptostreptococcales-Tissierellales; f__Peptostreptococcales-Tissierellales; g__Peptoniphilus	1.0
74d7bc8b5894f2dedb57a53aad4a0a05	1	False	Unassigned	1.0
14f2185ab9bc3d5de26e726c591ca9ba	1	False	d__Bacteria; p__Firmicutes; c__Clostridia; o__Clostridia_UCG-014; f__Clostridia_UCG-014; g__Clostridia_UCG-014; s__uncultured_bacterium	0.8
7f122f7e96112df4f2e5156292d6f518	1	False	d__Bacteria; p__Firmicutes; c__Clostridia; o__Lachnospirales; f__Lachnospiraceae; g__Lachnospiraceae_ND3007_group; s__uncultured_bacterium	0.9
16cdb7dbbcc3ae92b8c12c2b4db2512d	1	False	d__Bacteria; p__Bacteroidota; c__Bacteroidia; o__Bacteroidales; f__Rikenellaceae; g__Alistipes	1.0
5923980837708a65e6d9c391805ac637	1	False	d__Bacteria; p__Firmicutes; c__Bacilli; o__Lactobacillales; f__Streptococcaceae; g__Streptococcus; s__uncultured_bacterium	1.0
4df4c03bf21d9e73bbf587f37c644b1a	1	False	d__Bacteria; p__Firmicutes; c__Clostridia; o__Oscillospirales; f__Oscillospiraceae	0.6
9219b2817dcb9b0167c60cc5e77a7b9e	1	False	d__Bacteria; p__Firmicutes; c__Clostridia; o__Eubacteriales; f__Eubacteriaceae; g__Eubacterium; s__Eubacterium_limosum	0.6
2a808b0cd6015ee2ea9d709fb83296da	1	False	d__Bacteria; p__Bacteroidota; c__Bacteroidia; o__Bacteroidales; f__Prevotellaceae; g__Prevotella; s__uncultured_bacterium	1.0
4bae918afcb2be9eca333a29f16baa14	1	False	Unassigned	1.0
1b343db0feb54a9fd6246fef20da86c3	1	False	d__Bacteria; p__Firmicutes; c__Clostridia; o__Oscillospirales; f__Butyricicoccaceae; g__Butyricicoccus; s__uncultured_bacterium	1.0
d34467cfc4d34890264e6b6a7330f407	1	False	d__Bacteria; p__Firmicutes; c__Negativicutes; o__Veillonellales-Selenomonadales; f__Selenomonadaceae; g__Selenomonas	1.0
741afb25d71410cbb9cf4f8cfc6f736c	1	False	d__Bacteria; p__Firmicutes; c__Negativicutes; o__Veillonellales-Selenomonadales; f__Veillonellaceae; g__Veillonella; s__uncultured_bacterium	0.6
8f73f594a9268d612d28f3dfba84fc16	1	False	d__Bacteria; p__Firmicutes; c__Clostridia; o__Lachnospirales; f__Lachnospiraceae; g__[Eubacterium]_fissicatena_group	0.9
0f1670c0893a582f95f3b17d38e371f2	1	False	d__Bacteria; p__Firmicutes; c__Clostridia; o__Clostridia_vadinBB60_group; f__Clostridia_vadinBB60_group; g__Clostridia_vadinBB60_group; s__uncultured_bacterium	0.6
e3739684edaeeb3b50f241f253410ef1	1	False	d__Bacteria; p__Bacteroidota; c__Bacteroidia; o__Bacteroidales; f__Bacteroidaceae; g__Bacteroides; s__uncultured_bacterium	0.6
a3dd7a703e82b6bc3dc31e48f34054ac	1	False	d__Bacteria; p__Bacteroidota; c__Bacteroidia; o__Bacteroidales; f__Tannerellaceae; g__Parabacteroides; s__uncultured_bacterium	0.9
18cabeb5959b9cd789ebaa86be4da6fb	1	False	d__Bacteria; p__Bacteroidota; c__Bacteroidia; o__Bacteroidales; f__Marinifilaceae; g__Butyricimonas	1.0
391fec7360d7eb203dc5678e1fccec74	1	False	d__Bacteria; p__Actinobacteriota; c__Actinobacteria; o__Bifidobacteriales; f__Bifidobacteriaceae; g__Bifidobacterium; s__Bifidobacterium_adolescentis	0.8
994d08d5cfef1d5857660591f50779aa	1	False	d__Bacteria; p__Firmicutes; c__Clostridia; o__Lachnospirales; f__Lachnospiraceae; g__Lachnoclostridium; s__uncultured_organism	0.6
80acdc748f14752d8f1ea70da92dc9a2	1	False	d__Bacteria; p__Bacteroidota; c__Bacteroidia; o__Bacteroidales; f__Bacteroidaceae; g__Bacteroides	1.0
705225244c39e4aebfd6915bb2785b76	1	False	d__Bacteria; p__Bacteroidota; c__Bacteroidia; o__Bacteroidales; f__Rikenellaceae; g__Alistipes; s__uncultured_bacterium	0.6
36d3795601257425336e70abf8c79cc0	1	False	d__Bacteria; p__Firmicutes; c__Clostridia; o__Oscillospirales; f__Ruminococcaceae; g__Faecalibacterium; s__uncultured_bacterium	0.9
dbfc3d6a441aa75d483bdaf29c43ecf9	1	False	d__Bacteria; p__Firmicutes; c__Clostridia; o__Oscillospirales; f__Oscillospiraceae; g__UCG-005; s__uncultured_bacterium	1.0
83a5381789d9b36ee36d3a312617f938	1	False	d__Bacteria; p__Firmicutes; c__Clostridia; o__Oscillospirales; f__Ruminococcaceae; g__Ruminococcus; s__uncultured_bacterium	1.0
58345fc3274f5c2ac9472ec9d68d8987	1	False	Unassigned	1.0
d67a7830fcb34416fc0bd5cdc21c8f47	1	False	Unassigned	1.0
764f0293465170c513e3802ba3f751e7	1	False	d__Bacteria; p__Firmicutes; c__Clostridia; o__Lachnospirales; f__Lachnospiraceae; g__Lachnospiraceae_NC2004_group; s__uncultured_bacterium	1.0
10872b85eeabf166e5b4c04debda5079	1	False	d__Bacteria; p__Proteobacteria; c__Gammaproteobacteria; o__Burkholderiales; f__Sutterellaceae; g__Sutterella; s__uncultured_bacterium	0.8
9f0c386ae5ed1e8a4cf60627eaef9738	1	False	d__Bacteria; p__Firmicutes; c__Clostridia; o__Oscillospirales; f__Oscillospiraceae; g__UCG-002; s__uncultured_bacterium	0.9
c42a2e78aa29b2e93ef7a759867b2d32	1	False	d__Bacteria; p__Firmicutes; c__Clostridia; o__Lachnospirales; f__Lachnospiraceae; g__[Ruminococcus]_torques_group; s__uncultured_bacterium	0.7
e84d01f283fcb8985884aef057727e86	1	False	d__Bacteria; p__Firmicutes; c__Clostridia; o__Lachnospirales; f__Lachnospiraceae; g__Marvinbryantia; s__uncultured_bacterium	0.7
333c88222ef5bcffbaa209d693e4b302	1	False	d__Bacteria; p__Firmicutes; c__Clostridia; o__Oscillospirales; f__Ruminococcaceae; g__Ruminococcus; s__uncultured_bacterium	1.0
3981afd59ca62c94234ba4d083c067ac	1	False	d__Bacteria; p__Proteobacteria; c__Gammaproteobacteria; o__Pseudomonadales; f__Moraxellaceae; g__Acinetobacter; s__Acinetobacter_junii	0.7
f13e357b60c1017498ad9b60c15b22ff	1	False	d__Bacteria; p__Bacteroidota; c__Bacteroidia; o__Bacteroidales; f__Marinifilaceae; g__Butyricimonas	1.0
9c523689fdfd5ef0764c7ea59bcba886	1	False	d__Bacteria; p__Firmicutes; c__Clostridia; o__Peptococcales; f__Peptococcaceae; g__Peptococcus; s__uncultured_bacterium	1.0
e7fc8a7b7dbd6ef1b3a169709fc1445d	1	False	d__Bacteria; p__Firmicutes; c__Clostridia; o__Oscillospirales; f__Oscillospiraceae; g__UCG-002; s__uncultured_bacterium	0.9
9cf4121bb56562fb9199ba8f6fe3f0a9	1	False	d__Bacteria; p__Firmicutes; c__Clostridia; o__Peptostreptococcales-Tissierellales; f__Anaerovoracaceae; g__Family_XIII_AD3011_group; s__uncultured_bacterium	0.9
8b57be8f5753d7bf4f94fbf3a61e96c6	1	False	d__Bacteria; p__Firmicutes; c__Clostridia; o__Oscillospirales; f__Oscillospiraceae; g__Flavonifractor	0.6
6aecaf2cf373ded2ec7b521767e6384b	1	False	d__Bacteria; p__Firmicutes; c__Clostridia; o__Clostridiales; f__Clostridiaceae; g__Clostridium_sensu_stricto_1; s__uncultured_bacterium	1.0
2a8703a7d025f6579a9cac1426cfc089	1	False	d__Bacteria; p__Firmicutes; c__Clostridia; o__Oscillospirales; f__Ruminococcaceae; g__Ruminococcus; s__uncultured_bacterium	1.0
58b42c32847e1d9406bb0e3a1b22bda8	1	False	d__Bacteria; p__Firmicutes; c__Clostridia; o__Lachnospirales; f__Lachnospiraceae; g__Lachnoclostridium; s__Faecalicatena_orotica	0.7
478c8945ebfe3ff0fbbe7cdc86064744	1	False	d__Bacteria; p__Firmicutes; c__Clostridia; o__Peptostreptococcales-Tissierellales; f__Anaerovoracaceae; g__Family_XIII_AD3011_group; s__uncultured_organism	0.6
fa5c6280cb09195881bf34973d400b5a	1	False	d__Bacteria; p__Bacteroidota; c__Bacteroidia; o__Bacteroidales; f__Tannerellaceae; g__Parabacteroides; s__uncultured_bacterium	0.9
44304db17296682fccc628d318a66a89	1	False	d__Bacteria; p__Firmicutes; c__Clostridia; o__Lachnospirales; f__Lachnospiraceae; g__uncultured; s__uncultured_bacterium	0.9
1e024a5879ca9b1f391eb91879321d1e	1	False	d__Bacteria; p__Proteobacteria; c__Gammaproteobacteria; o__Burkholderiales; f__Sutterellaceae; g__Sutterella	1.0
c00a867e0d0fc4e7bef6b6825ace4d51	1	False	d__Bacteria; p__Firmicutes; c__Negativicutes; o__Veillonellales-Selenomonadales; f__Veillonellaceae; g__Allisonella; s__uncultured_bacterium	0.6
9de0d9197078f5a900303f8bfb5ca3c5	1	False	d__Bacteria; p__Firmicutes; c__Bacilli; o__Lactobacillales; f__Lactobacillaceae; g__Lactobacillus; s__Lactobacillus_fermentum	0.8
0e797918e3063324f2d591e6c512d441	1	False	d__Bacteria; p__Firmicutes; c__Clostridia; o__Oscillospirales; f__Butyricicoccaceae	1.0
9fb1faeced683860e9505f9d66f40bd0	1	False	d__Bacteria; p__Firmicutes; c__Negativicutes; o__Veillonellales-Selenomonadales; f__Veillonellaceae; g__Allisonella; s__uncultured_bacterium	0.6
ea1f8fed8b03e522371bc1636f3fdaa0	1	False	d__Bacteria; p__Actinobacteriota; c__Coriobacteriia; o__Coriobacteriales; f__Eggerthellaceae; g__Slackia; s__uncultured_bacterium	0.7
82b927ec3e72f24db5b08c426807fad2	1	False	d__Bacteria; p__Firmicutes; c__Clostridia; o__Lachnospirales; f__Lachnospiraceae; g__GCA-900066575; s__uncultured_bacterium	0.7
35bd046ce5a0ea421305bf919a62d024	1	False	d__Bacteria; p__Firmicutes; c__Negativicutes; o__Veillonellales-Selenomonadales; f__Veillonellaceae; g__Veillonella; s__uncultured_bacterium	0.6
0abcf15ca88e66b5e831dfbb8fb15a90	1	False	d__Bacteria; p__Firmicutes; c__Bacilli; o__Lactobacillales; f__Lactobacillaceae; g__Lactobacillus; s__Lactobacillus_fermentum	1.0
f5c19a1ea2a3105e7d092a925264deb9	1	False	d__Bacteria; p__Firmicutes; c__Clostridia; o__Peptostreptococcales-Tissierellales; f__Peptostreptococcales-Tissierellales; g__Parvimonas; s__Parvimonas_micra	0.6
76c3589bb8ed952c0e018f6402cc6c9c	1	False	d__Bacteria; p__Firmicutes; c__Clostridia; o__Lachnospirales; f__Lachnospiraceae; g__Roseburia; s__uncultured_bacterium	0.8
66bf61487028aa8482b2d0a0ddbbba69	1	False	d__Bacteria; p__Firmicutes; c__Clostridia; o__Lachnospirales; f__Lachnospiraceae; g__Coprococcus; s__uncultured_bacterium	1.0
1133f83715c58c96946a440e7dfd8121	1	False	d__Bacteria; p__Firmicutes; c__Clostridia; o__Oscillospirales; f__Oscillospiraceae; g__UCG-005; s__uncultured_bacterium	1.0
cef5f133120ac29abd5d3eb3bba6de00	1	False	d__Bacteria; p__Firmicutes; c__Negativicutes; o__Veillonellales-Selenomonadales; f__Veillonellaceae; g__Veillonella; s__uncultured_bacterium	0.8
ad8a229ee1a350fcc8dfad3291c2e04e	1	False	d__Bacteria; p__Proteobacteria; c__Gammaproteobacteria; o__Burkholderiales; f__Sutterellaceae; g__Sutterella	1.0
4976626fb051f0d4d149b4f301cf4003	1	False	d__Bacteria; p__Firmicutes; c__Clostridia; o__Oscillospirales; f__Oscillospiraceae; g__UCG-005; s__uncultured_bacterium	1.0
d0d6b857b4ab238ee5ef64a464b36a5f	1	False	d__Bacteria; p__Firmicutes; c__Clostridia; o__Oscillospirales; f__Ruminococcaceae; g__Negativibacillus; s__uncultured_bacterium	0.9
95120af1b8c8c78c3487c1cacfd8160a	1	False	d__Bacteria; p__Firmicutes; c__Clostridia; o__Christensenellales; f__Christensenellaceae; g__Christensenellaceae_R-7_group; s__uncultured_bacterium	0.9
87efa313a937386f934ae30f2af09a9f	1	False	d__Bacteria; p__Firmicutes; c__Bacilli; o__Staphylococcales; f__Gemellaceae; g__Gemella	1.0
de2c5e5c1edc866ee279c26b6444362f	1	False	d__Bacteria; p__Firmicutes; c__Clostridia; o__Oscillospirales; f__Oscillospiraceae; g__UCG-003; s__uncultured_bacterium	0.8
005a3b1fd45ceff8a65a343fab33f521	1	False	d__Bacteria; p__Firmicutes; c__Clostridia; o__Peptococcales; f__Peptococcaceae; g__Peptococcus; s__uncultured_bacterium	1.0
9606e36cd9bfa288504069872f781183	1	False	d__Bacteria; p__Firmicutes; c__Clostridia; o__Oscillospirales; f__Ruminococcaceae; g__Faecalibacterium; s__uncultured_bacterium	0.9
a27e8a1422e43df8a264a81070e81156	1	False	d__Bacteria; p__Firmicutes; c__Clostridia; o__Oscillospirales; f__Ruminococcaceae; g__Faecalibacterium	1.0
a453bcbad937ed514aaec73e07d0d859	1	False	d__Bacteria; p__Bacteroidota; c__Bacteroidia; o__Bacteroidales; f__Prevotellaceae; g__Prevotella; s__uncultured_bacterium	0.8
80237a1f5da7040ec354ba767726902c	1	False	d__Bacteria; p__Firmicutes; c__Negativicutes; o__Acidaminococcales; f__Acidaminococcaceae; g__Acidaminococcus	1.0
101d15577f4d22abd421aa073e2a616a	1	False	d__Bacteria; p__Firmicutes; c__Negativicutes; o__Veillonellales-Selenomonadales; f__Veillonellaceae; g__Dialister; s__uncultured_bacterium	0.9
6aab10bc2d4c3dfb3c133a9ef2672af6	1	False	d__Bacteria; p__Bacteroidota; c__Bacteroidia; o__Bacteroidales; f__Muribaculaceae; g__Muribaculaceae; s__uncultured_bacterium	1.0
52c551f01d081ff06127b561ca8ac43b	1	False	d__Bacteria; p__Actinobacteriota; c__Coriobacteriia; o__Coriobacteriales; f__Atopobiaceae; g__Olsenella	0.6
5c98944935bbf99bfd14937dad571d50	1	False	d__Bacteria; p__Actinobacteriota; c__Coriobacteriia; o__Coriobacteriales; f__Coriobacteriales_Incertae_Sedis; g__uncultured; s__uncultured_bacterium	0.8
c350d6d15f19e81d0284b02874ba1df8	1	False	d__Bacteria; p__Firmicutes; c__Bacilli; o__Erysipelotrichales; f__Erysipelotrichaceae; g__Turicibacter; s__uncultured_bacterium	0.7
0a0d21b8b666be285a648228e573eea8	1	False	d__Bacteria; p__Firmicutes; c__Bacilli; o__Erysipelotrichales; f__Erysipelatoclostridiaceae; g__Erysipelatoclostridium; s__uncultured_bacterium	0.6
87281b7b8cc7ff2cffbd06a423e4a87f	1	False	d__Bacteria; p__Proteobacteria; c__Gammaproteobacteria; o__Enterobacterales; f__Enterobacteriaceae; g__Escherichia-Shigella	0.75
0ba6975b3a34e6df00fc0d2b53b135ed	1	False	d__Bacteria; p__Firmicutes; c__Clostridia; o__Lachnospirales; f__Lachnospiraceae; g__Blautia; s__uncultured_bacterium	1.0
28b6e56b37794f22ae2b6c351010e366	1	False	d__Bacteria; p__Bacteroidota; c__Bacteroidia; o__Bacteroidales; f__Tannerellaceae; g__Parabacteroides; s__uncultured_bacterium	0.6
a85b017bc1b7fdd73cc91f72d5378011	1	False	d__Bacteria; p__Proteobacteria; c__Gammaproteobacteria; o__Enterobacterales; f__Enterobacteriaceae; g__Klebsiella	0.6
146e2e7fe9104b3f2c936bc70e7e2b48	1	False	Unassigned	1.0
b71432e541e7d85f93b2bce13c9edcfe	1	False	d__Bacteria; p__Firmicutes; c__Clostridia; o__Lachnospirales; f__Lachnospiraceae; g__Lachnoclostridium; s__uncultured_organism	0.6
569418df588c6249c6525811063aacf5	1	False	d__Bacteria; p__Firmicutes; c__Clostridia; o__Peptostreptococcales-Tissierellales; f__Peptostreptococcales-Tissierellales; g__Finegoldia; s__Finegoldia_magna	0.9
350ba14926179628f62de3e64c6a551d	1	False	d__Bacteria; p__Firmicutes; c__Clostridia; o__Oscillospirales; f__Ruminococcaceae; g__uncultured; s__uncultured_bacterium	0.8
a2d59c9af4897ce36c8d0a5cf0d90b21	1	False	d__Bacteria; p__Firmicutes; c__Clostridia; o__Oscillospirales; f__Oscillospiraceae; g__UCG-005; s__uncultured_bacterium	0.9
3bf6b63a03973f2fb8bb2f018ff5c6d8	1	False	d__Bacteria; p__Firmicutes; c__Negativicutes; o__Veillonellales-Selenomonadales; f__Veillonellaceae; g__Allisonella; s__uncultured_bacterium	0.6
d329eeaca5bb3c404b3a24924dadf394	1	False	d__Bacteria; p__Firmicutes; c__Negativicutes; o__Veillonellales-Selenomonadales; f__Veillonellaceae; g__Dialister	1.0
6c3650722ecd334a593d3d969afa2f9a	1	False	d__Bacteria; p__Firmicutes; c__Clostridia; o__Oscillospirales; f__Oscillospiraceae; g__NK4A214_group; s__uncultured_bacterium	1.0
ddcb2799bb3401c04f7c1e7449ac05e8	1	False	d__Bacteria; p__Campilobacterota; c__Campylobacteria; o__Campylobacterales; f__Campylobacteraceae; g__Campylobacter; s__Campylobacter_gracilis	0.6
df36bf0ef99792a2b0fda4f4758c7877	1	False	d__Bacteria; p__Bacteroidota; c__Bacteroidia; o__Bacteroidales; f__Bacteroidaceae; g__Bacteroides	1.0
c7a3b1b33ff81e2fce20751e317c3294	1	False	d__Bacteria; p__Bacteroidota; c__Bacteroidia; o__Bacteroidales; f__Marinifilaceae; g__Butyricimonas; s__uncultured_organism	0.6
d846f69ec602b91766cb131b3ed003b4	1	False	d__Bacteria; p__Firmicutes; c__Clostridia; o__Oscillospirales; f__Ruminococcaceae; g__Subdoligranulum; s__uncultured_bacterium	0.8
41a7562b262780a3214fce5e560d1c92	1	False	d__Bacteria; p__Firmicutes; c__Clostridia; o__Peptostreptococcales-Tissierellales; f__Peptostreptococcales-Tissierellales; g__Anaerococcus	1.0
e09b1338e200207ce32d9a322c045b73	1	False	d__Bacteria; p__Actinobacteriota; c__Coriobacteriia; o__Coriobacteriales; f__Coriobacteriales_Incertae_Sedis; g__uncultured; s__uncultured_bacterium	0.8
c0a27779a67cd6cb798301e06b07e344	1	False	d__Bacteria; p__Firmicutes; c__Bacilli; o__Lactobacillales; f__Lactobacillaceae; g__Lactobacillus	1.0
589b894098861468f161afc4cfe42c92	1	False	d__Bacteria; p__Bacteroidota; c__Bacteroidia; o__Bacteroidales; f__Prevotellaceae; g__Prevotellaceae_NK3B31_group; s__uncultured_bacterium	0.9
a0a1374ae018983a7f0c5f9d8de40638	1	False	d__Bacteria; p__Proteobacteria; c__Gammaproteobacteria; o__Enterobacterales; f__Enterobacteriaceae; g__Citrobacter	1.0
6a10dff3e643e6a3182e372ba9162ab1	1	False	d__Bacteria; p__Firmicutes; c__Clostridia; o__Lachnospirales; f__Lachnospiraceae; g__Butyrivibrio; s__uncultured_bacterium	0.6
ceca92d0741e0b313715a4de641a9368	1	False	d__Bacteria; p__Firmicutes; c__Clostridia; o__Peptostreptococcales-Tissierellales; f__Anaerovoracaceae; g__Mogibacterium; s__uncultured_bacterium	0.9
13f6eecdfe805718d195b96dfb3a3e2b	1	False	d__Bacteria; p__Bacteroidota; c__Bacteroidia; o__Bacteroidales; f__Marinifilaceae; g__Butyricimonas	1.0
a9c825d1c72b71b1d54273a774923780	1	False	d__Bacteria; p__Firmicutes; c__Clostridia; o__Lachnospirales; f__Lachnospiraceae; g__Blautia; s__uncultured_bacterium	0.7
5e54e1ba55b4f6ce2e4aab8bf93e6f32	1	False	d__Bacteria; p__Actinobacteriota; c__Coriobacteriia; o__Coriobacteriales; f__Coriobacteriales_Incertae_Sedis; g__uncultured; s__uncultured_bacterium	0.6
69953f6eb8f96acd5ec82ae2dcc8309b	1	False	d__Bacteria; p__Proteobacteria; c__Gammaproteobacteria; o__Pasteurellales; f__Pasteurellaceae; g__Haemophilus; s__uncultured_organism	0.7
516e2002eaebb61e6a46a6648d98755d	1	False	d__Bacteria; p__Firmicutes; c__Clostridia; o__Lachnospirales; f__Lachnospiraceae; g__Lachnospiraceae_UCG-001; s__uncultured_bacterium	0.7
1cecd90f4e31e4fad28a338c829ae18d	1	False	d__Bacteria; p__Firmicutes; c__Clostridia; o__Lachnospirales; f__Lachnospiraceae	0.9
d029d50ec1de61f34ad3b56c19c25595	1	False	d__Bacteria; p__Bacteroidota; c__Bacteroidia; o__Bacteroidales; f__Bacteroidaceae; g__Bacteroides; s__uncultured_bacterium	0.75
2fa19ad3d043d6b4d2abaa953a6799ca	1	False	d__Bacteria; p__Firmicutes; c__Clostridia; o__Oscillospirales; f__Ruminococcaceae; g__Ruminococcus; s__uncultured_bacterium	1.0
d36700135297bfff4e3576a8677d6c8a	1	False	Unassigned	1.0
f961cd608a6427f4c0c435b31fabbb57	1	False	d__Bacteria; p__Bacteroidota; c__Bacteroidia; o__Bacteroidales; f__Prevotellaceae; g__Prevotella; s__uncultured_bacterium	0.9
c93679572738cc4cb0d34b407d045983	1	False	d__Bacteria; p__Firmicutes; c__Negativicutes; o__Veillonellales-Selenomonadales; f__Veillonellaceae; g__Veillonella	0.6
3dbdd872ed2139034d0eb7c896f6b6fd	1	False	d__Bacteria; p__Firmicutes; c__Clostridia; o__Oscillospirales; f__Ruminococcaceae; g__Ruminococcus; s__uncultured_bacterium	0.9
9ac071768877c5c30ba12ac102f9f512	1	False	d__Bacteria; p__Fusobacteriota; c__Fusobacteriia; o__Fusobacteriales; f__Fusobacteriaceae; g__Fusobacterium; s__uncultured_bacterium	1.0
482bc139fac83b94f2f263d99d1ea22f	1	False	d__Bacteria; p__Firmicutes; c__Clostridia; o__Lachnospirales; f__Lachnospiraceae; g__Lachnospiraceae_UCG-010; s__uncultured_bacterium	0.7
a9679696572b4162577c3561b535245b	1	False	d__Bacteria; p__Firmicutes; c__Clostridia; o__Peptococcales; f__Peptococcaceae; g__Peptococcus	1.0
b34df9c3dab8ecdd4d74ea4c5922e7ef	1	False	d__Bacteria; p__Firmicutes	1.0
39e4261d1260e2630368d8f393423041	1	False	d__Bacteria; p__Proteobacteria; c__Gammaproteobacteria; o__Aeromonadales; f__Aeromonadaceae; g__Aeromonas; s__Aeromonas_sp.	0.6
09d3bcdded5362a0a41a8991a5f236ab	1	False	Unassigned	1.0
5aba7de5c8cdda65c19e9cdbe7437916	1	False	d__Bacteria; p__Firmicutes; c__Clostridia; o__Lachnospirales; f__Lachnospiraceae; g__uncultured	1.0
72fb6877da70f74fda938bcfbec8f5fa	1	False	d__Bacteria; p__Firmicutes; c__Clostridia; o__Lachnospirales; f__Lachnospiraceae; g__Blautia; s__uncultured_bacterium	0.6
e18e69c212524fc5decf8ee417ecb0c6	1	False	d__Bacteria; p__Firmicutes; c__Clostridia; o__Lachnospirales; f__Lachnospiraceae; g__Agathobacter	0.7
4fa09adbe52ed9304746dbe6182886fe	1	False	d__Bacteria; p__Firmicutes; c__Clostridia; o__Lachnospirales; f__Lachnospiraceae; g__Lachnospiraceae_NK4A136_group; s__uncultured_bacterium	0.8
0115d3e313fa9f2bd28c26b9572549e1	1	False	d__Bacteria; p__Bacteroidota; c__Bacteroidia; o__Bacteroidales; f__Bacteroidaceae; g__Bacteroides; s__uncultured_bacterium	0.7
35dc72ae6fcd80347d3f06a5ab7a2fcd	1	False	d__Bacteria; p__Proteobacteria; c__Alphaproteobacteria; o__Rhodospirillales; f__uncultured; g__uncultured; s__uncultured_bacterium	0.6
c6cdc71a1f7376db5a843ade152ed641	1	False	d__Bacteria; p__Firmicutes; c__Bacilli; o__Lactobacillales; f__Enterococcaceae; g__Enterococcus; s__Enterococcus_faecalis	1.0
fa7439617713b388455e3a9f2d0a2a21	1	False	Unassigned	1.0
9d89ce6767da6c709b6497431a0962c6	1	False	d__Bacteria; p__Firmicutes; c__Clostridia; o__Christensenellales; f__Christensenellaceae; g__Christensenellaceae_R-7_group	0.9
28a47540d43fb7ce45485f066f3edb71	1	False	d__Bacteria; p__Firmicutes; c__Bacilli; o__Lactobacillales; f__Lactobacillaceae; g__Lactobacillus; s__Lactobacillus_reuteri	0.7
b4bb82d82c14bb4fc3cb07fb9760b85d	1	False	d__Bacteria; p__Proteobacteria; c__Gammaproteobacteria; o__Pasteurellales; f__Pasteurellaceae; g__Haemophilus	1.0
9a6ea88794e0fcccd79aa8316d104d6a	1	False	d__Bacteria; p__Firmicutes; c__Bacilli; o__Erysipelotrichales; f__Erysipelatoclostridiaceae; g__Erysipelotrichaceae_UCG-003; s__uncultured_bacterium	0.8
3b8abb526ee0c0688eae90531a8e197e	1	False	d__Bacteria; p__Firmicutes; c__Clostridia; o__Clostridiales; f__Clostridiaceae; g__Clostridium_sensu_stricto_1; s__uncultured_bacterium	0.7
ce388ddcc49c0c9dcce24e25684dc1f8	1	False	d__Bacteria; p__Firmicutes; c__Clostridia; o__Oscillospirales; f__Butyricicoccaceae; g__Butyricicoccus; s__uncultured_bacterium	1.0
6bd022bdbe5b490e3db0e198996c21b3	1	False	d__Bacteria; p__Firmicutes; c__Clostridia; o__Peptococcales; f__Peptococcaceae; g__Peptococcus; s__uncultured_bacterium	1.0
61f9f83a6899b55b2714e2bc54b30110	1	False	d__Bacteria; p__Firmicutes; c__Bacilli; o__Erysipelotrichales; f__Erysipelotrichaceae; g__Erysipelotrichaceae_UCG-009	0.6
0a9d646a84dd1d10d126614c5a681826	1	False	d__Bacteria; p__Firmicutes; c__Clostridia; o__Peptostreptococcales-Tissierellales; f__Anaerovoracaceae; g__Family_XIII_UCG-001; s__uncultured_bacterium	0.8
7fa728adcc2c13028427ade56efa7708	1	False	d__Bacteria; p__Firmicutes; c__Clostridia; o__Lachnospirales; f__Lachnospiraceae	0.75
138d66c8d6e309f1853d0b4acbfe3b4c	1	False	d__Bacteria; p__Firmicutes; c__Clostridia; o__Lachnospirales; f__Lachnospiraceae	1.0
31ac77be9149f317de509743c0f639b1	1	False	d__Bacteria; p__Firmicutes; c__Bacilli; o__Erysipelotrichales; f__Erysipelotrichaceae; g__Holdemanella; s__uncultured_bacterium	0.714
3402ba71ee169e2ecf6502343554f7fd	1	False	d__Bacteria; p__Firmicutes; c__Clostridia; o__Lachnospirales; f__Lachnospiraceae; g__Dorea; s__Dorea_formicigenerans	0.6
ec03ee8bc4690c1189d8c9895f90a6f3	1	False	d__Bacteria; p__Bacteroidota; c__Bacteroidia; o__Bacteroidales; f__Rikenellaceae; g__Alistipes; s__uncultured_bacterium	0.9
93514768e7ea08d54edd036b5196f050	1	False	d__Bacteria; p__Bacteroidota; c__Bacteroidia; o__Bacteroidales; f__Bacteroidaceae; g__Bacteroides; s__Bacteroides_fragilis	0.7
786417ca8f0d6c0b328a4127deb9f4ef	1	False	Unassigned	1.0
d9790934a2d113adcc19f8afd8362e1a	1	False	d__Bacteria; p__Firmicutes; c__Clostridia; o__Lachnospirales; f__Lachnospiraceae; g__uncultured; s__uncultured_bacterium	0.7
af17873bd26e0db6a5397e4d013d02b3	1	False	d__Bacteria; p__Firmicutes; c__Bacilli; o__Erysipelotrichales; f__Erysipelatoclostridiaceae; g__Catenibacterium; s__uncultured_bacterium	1.0
fd9293c3f107b768237906f08e8f5551	1	False	d__Bacteria; p__Firmicutes; c__Bacilli; o__Staphylococcales; f__Gemellaceae; g__Gemella; s__uncultured_bacterium	0.7
86dab74330aa1bb9e276ab27a9951b02	1	False	d__Bacteria; p__Firmicutes; c__Negativicutes; o__Veillonellales-Selenomonadales; f__Selenomonadaceae; g__Mitsuokella; s__uncultured_bacterium	0.8
3d62726dc8a7b9c7d722029fd0faacbe	1	False	d__Bacteria; p__Firmicutes; c__Clostridia; o__Christensenellales; f__Christensenellaceae; g__Christensenellaceae_R-7_group; s__uncultured_bacterium	0.7
cecf3396ac2c7fceb271f37f71bc42db	1	False	d__Bacteria; p__Firmicutes; c__Clostridia; o__Oscillospirales; f__Butyricicoccaceae; g__Butyricicoccus; s__uncultured_bacterium	1.0
4ad02a66afe31bcab88ddc76acec54d1	1	False	d__Bacteria; p__Actinobacteriota; c__Actinobacteria; o__Actinomycetales; f__Actinomycetaceae; g__Actinomyces; s__uncultured_bacterium	0.7
cd3ef7f74bda9c67e4f3180044ef60e1	1	False	d__Bacteria; p__Firmicutes; c__Clostridia; o__Oscillospirales; f__[Eubacterium]_coprostanoligenes_group; g__[Eubacterium]_coprostanoligenes_group; s__uncultured_bacterium	1.0
16c2f604274a6adc5c5d50a538b20034	1	False	d__Bacteria; p__Firmicutes; c__Clostridia; o__Oscillospirales; f__Ruminococcaceae; g__uncultured; s__uncultured_bacterium	0.9
600dcd1101cde937b2b57feafce2a9f6	1	False	d__Bacteria; p__Firmicutes; c__Negativicutes; o__Veillonellales-Selenomonadales; f__Selenomonadaceae; g__Mitsuokella; s__uncultured_bacterium	0.8
89cbb1186f8a5c8d3bae4540261e2d96	1	False	d__Bacteria; p__Proteobacteria; c__Gammaproteobacteria; o__Enterobacterales; f__Enterobacteriaceae; g__Escherichia-Shigella	0.6
d89f50e84c7e6e2644badb9a4af2d87b	1	False	d__Bacteria; p__Proteobacteria; c__Gammaproteobacteria; o__Burkholderiales; f__Sutterellaceae; g__Sutterella; s__uncultured_bacterium	0.9
3960f0864976f7a79ea638566f628084	1	False	d__Bacteria; p__Proteobacteria; c__Gammaproteobacteria; o__Burkholderiales; f__Sutterellaceae; g__Sutterella; s__uncultured_bacterium	0.8
15ae67b651fe127dd475f88b78db4cfd	1	False	d__Bacteria; p__Firmicutes; c__Clostridia; o__Lachnospirales; f__Lachnospiraceae; g__Blautia; s__uncultured_bacterium	0.9
2d6041f13dcd901cc219476fd6955354	1	False	d__Bacteria; p__Firmicutes; c__Clostridia; o__Oscillospirales; f__Oscillospiraceae; g__UCG-005; s__uncultured_bacterium	0.8
34694d3c186a1d9cb223ca5a0334862d	1	False	d__Bacteria; p__Bacteroidota; c__Bacteroidia; o__Bacteroidales; f__Rikenellaceae; g__Alistipes	1.0
106e7b500ae808e8f6f37f04333692db	1	False	d__Bacteria; p__Firmicutes; c__Clostridia; o__Lachnospirales; f__Lachnospiraceae; g__Lachnospiraceae_NK4A136_group; s__uncultured_bacterium	0.8
1df94493f4ff3ba1d00eff89cd873ac7	1	False	d__Bacteria; p__Firmicutes; c__Clostridia; o__Oscillospirales; f__[Eubacterium]_coprostanoligenes_group; g__[Eubacterium]_coprostanoligenes_group; s__uncultured_bacterium	0.9
d9b0a28ce009cbfdd448b2e851f8da63	1	False	d__Bacteria; p__Firmicutes; c__Bacilli; o__Lactobacillales; f__Streptococcaceae; g__Streptococcus; s__Streptococcus_sobrinus	0.7
78e50d9fe580f6b20c136391a645b91b	1	False	d__Bacteria; p__Firmicutes; c__Clostridia; o__Lachnospirales; f__Lachnospiraceae; g__Lachnospiraceae_UCG-001; s__uncultured_bacterium	0.8
c9d9aaafd136fca64ccb676aeaf04859	1	False	d__Bacteria; p__Firmicutes; c__Clostridia; o__Lachnospirales; f__Lachnospiraceae; g__Roseburia; s__uncultured_bacterium	0.6
e68077a65c4b0b450a4f1fa69affc1dc	1	False	d__Bacteria; p__Actinobacteriota; c__Coriobacteriia; o__Coriobacteriales	1.0
5151751ae9cfffafdf92dafe5dc06274	1	False	d__Bacteria; p__Firmicutes; c__Clostridia; o__Lachnospirales; f__Lachnospiraceae; g__Lachnoclostridium; s__uncultured_bacterium	0.6
438cd99d198d402fcd78909ff6353c39	1	False	d__Bacteria; p__Firmicutes; c__Clostridia; o__Lachnospirales; f__Lachnospiraceae; g__Roseburia; s__uncultured_bacterium	0.9
88b29218e2c5d84df9a59ae2d1aff494	1	False	d__Bacteria; p__Firmicutes; c__Clostridia; o__Lachnospirales; f__Lachnospiraceae; g__Hungatella	0.8
a4317c0922632fcaeb3fda0c1833359f	1	False	d__Bacteria; p__Firmicutes; c__Negativicutes; o__Veillonellales-Selenomonadales; f__Selenomonadaceae; g__Mitsuokella; s__uncultured_bacterium	0.7
dd5ce8d0b040693d540cb5aaf1b9fb3b	1	False	d__Bacteria; p__Firmicutes; c__Clostridia; o__Peptostreptococcales-Tissierellales; f__Peptostreptococcaceae; g__Romboutsia	0.6
27b677f7ad58211d16e8425f35b293ae	1	False	d__Bacteria; p__Bacteroidota; c__Bacteroidia; o__Bacteroidales; f__Rikenellaceae; g__Rikenellaceae_RC9_gut_group; s__uncultured_bacterium	1.0
60d640fee577a285c29b8eb92d8e1197	1	False	d__Bacteria; p__Firmicutes; c__Clostridia; o__Lachnospirales; f__Lachnospiraceae; g__uncultured; s__uncultured_bacterium	0.6
07f4dc6ad7f8b9dbbd04ec64c9474dff	1	False	d__Bacteria; p__Firmicutes; c__Clostridia; o__Oscillospirales; f__Ruminococcaceae; g__Subdoligranulum; s__uncultured_bacterium	1.0
dfabe18a00309fd3cce4adbca3052534	1	False	d__Bacteria; p__Firmicutes; c__Clostridia; o__Oscillospirales; f__Oscillospiraceae; g__UCG-002; s__uncultured_bacterium	0.9
eaa38f770c5316bbb0c7cc9fb418403f	1	False	d__Bacteria; p__Firmicutes; c__Clostridia; o__Lachnospirales; f__Lachnospiraceae; g__Marvinbryantia; s__uncultured_bacterium	0.9
e78110a054c337c4f12121502f31d94d	1	False	d__Bacteria; p__Actinobacteriota; c__Coriobacteriia; o__Coriobacteriales; f__Eggerthellaceae; g__Slackia; s__uncultured_bacterium	0.8
f21ed7b1f74acba3393727888feaa331	1	False	d__Bacteria; p__Firmicutes; c__Clostridia; o__Lachnospirales; f__Lachnospiraceae; g__Fusicatenibacter; s__uncultured_bacterium	0.9
a514146bd9361580cd8075f7331a2d14	1	False	d__Bacteria; p__Bacteroidota; c__Bacteroidia; o__Bacteroidales; f__Barnesiellaceae; g__Coprobacter; s__uncultured_bacterium	0.571
56e4191ad4d8eb7e63d76eaf217d56f6	1	False	d__Bacteria; p__Fusobacteriota; c__Fusobacteriia; o__Fusobacteriales; f__Fusobacteriaceae; g__Fusobacterium; s__Fusobacterium_periodonticum	1.0
a961fc68e86881295a64bd4a4a014fa4	1	False	d__Bacteria; p__Firmicutes; c__Clostridia; o__Clostridiales; f__Clostridiaceae; g__Clostridium_sensu_stricto_1; s__Clostridium_perfringens	1.0
4d041fdc3fd27f2548c6ddc8a618f931	1	False	d__Bacteria; p__Firmicutes; c__Negativicutes; o__Veillonellales-Selenomonadales; f__Selenomonadaceae; g__Mitsuokella; s__uncultured_bacterium	0.8
57e39e45bf5ae16cefbe7f517dfbffd8	1	False	d__Bacteria; p__Fusobacteriota; c__Fusobacteriia; o__Fusobacteriales; f__Fusobacteriaceae; g__Fusobacterium; s__Fusobacterium_nucleatum	1.0
b45f6f15675f560eb2251768b9a796ca	1	False	d__Bacteria; p__Firmicutes; c__Clostridia; o__Oscillospirales; f__Oscillospiraceae; g__Colidextribacter; s__uncultured_bacterium	0.8
87b6b93e937f107a8071acbc4e8e829c	1	False	d__Bacteria; p__Firmicutes; c__Clostridia; o__Lachnospirales; f__Lachnospiraceae	1.0
e5de544d2f0a500d2f70b410f53e3412	1	False	d__Bacteria; p__Desulfobacterota; c__Desulfovibrionia; o__Desulfovibrionales; f__Desulfovibrionaceae; g__Desulfovibrio; s__uncultured_bacterium	0.6
15c71dc60a0b4e35fa5115904e171d76	1	False	d__Bacteria; p__Firmicutes; c__Clostridia; o__Oscillospirales; f__Ruminococcaceae; g__Ruminococcus; s__uncultured_bacterium	0.8
d1991236e52f48828c7ea325b37657fc	1	False	d__Bacteria; p__Firmicutes; c__Negativicutes; o__Veillonellales-Selenomonadales; f__Veillonellaceae; g__Veillonella	1.0
aeebe9d16d63ad643a47698a1bc5e3ff	1	False	d__Bacteria; p__Firmicutes; c__Clostridia; o__Oscillospirales; f__Ruminococcaceae; g__uncultured; s__uncultured_bacterium	0.8
99cdf6968a8e8cb3a7b952b7a0295c71	1	False	d__Bacteria; p__Firmicutes; c__Bacilli; o__Erysipelotrichales; f__Erysipelotrichaceae; g__Holdemania	0.7
042625c6dd6935d0e28333632e46c041	1	False	d__Bacteria; p__Firmicutes; c__Clostridia; o__Lachnospirales; f__Lachnospiraceae; g__Blautia; s__uncultured_bacterium	0.6
59ec0bc6e3ddf6f875f4b00a11e483ea	1	False	d__Bacteria; p__Actinobacteriota; c__Coriobacteriia; o__Coriobacteriales; f__Eggerthellaceae; g__Eggerthella	1.0
3c74499e74815c22990b55722dedc04a	1	False	d__Bacteria; p__Firmicutes; c__Clostridia; o__Christensenellales; f__Christensenellaceae; g__Christensenellaceae_R-7_group	0.9
c4183e1226126e75533c065b0936f3d5	1	False	d__Bacteria; p__Firmicutes; c__Clostridia; o__Lachnospirales; f__Lachnospiraceae; g__Dorea; s__uncultured_bacterium	1.0
9c0ea56678ccb2d1653cf4c9b742d499	1	False	d__Bacteria; p__Bacteroidota; c__Bacteroidia; o__Bacteroidales; f__Rikenellaceae; g__Rikenellaceae_RC9_gut_group; s__uncultured_bacterium	1.0
ede0ef73350bd4109ff197bd6aec5072	1	False	d__Bacteria; p__Firmicutes; c__Clostridia; o__Oscillospirales; f__[Eubacterium]_coprostanoligenes_group; g__[Eubacterium]_coprostanoligenes_group; s__uncultured_bacterium	0.9
eac134a7e9f7aac1092aea02739781de	1	False	d__Bacteria; p__Actinobacteriota; c__Coriobacteriia; o__Coriobacteriales; f__Eggerthellaceae; g__Senegalimassilia; s__uncultured_bacterium	0.9
4dce2ae3737b69718219e8dc5fac462b	1	False	d__Bacteria; p__Desulfobacterota; c__Desulfovibrionia; o__Desulfovibrionales; f__Desulfovibrionaceae; g__Desulfovibrio; s__uncultured_bacterium	0.6
aa5c26aff0134ec23744e6f8d17542c6	1	False	d__Bacteria; p__Proteobacteria; c__Gammaproteobacteria; o__Pasteurellales; f__Pasteurellaceae; g__Haemophilus	1.0
8af762b5b62e0b78fed89e77da9e569b	1	False	d__Bacteria; p__Firmicutes; c__Clostridia; o__Monoglobales; f__Monoglobaceae; g__Monoglobus; s__uncultured_bacterium	0.7
95fd6267955ecb7fe02090730ac463f0	1	False	d__Bacteria; p__Firmicutes; c__Bacilli; o__Lactobacillales; f__Leuconostocaceae; g__Leuconostoc; s__uncultured_bacterium	0.6
19f97729303020bdcb27d4182b5df95e	1	False	d__Bacteria; p__Firmicutes; c__Clostridia; o__Oscillospirales; f__Butyricicoccaceae; g__UCG-009; s__uncultured_bacterium	0.7
8434a41f23fe5a8edaf0348a65ba6e36	1	False	d__Bacteria; p__Firmicutes; c__Clostridia; o__Oscillospirales; f__Butyricicoccaceae; g__Butyricicoccus; s__uncultured_bacterium	1.0
0e91fff2acb28f6c9dbb0d1a8bdb1d06	1	False	d__Bacteria; p__Bacteroidota; c__Bacteroidia; o__Bacteroidales; f__Prevotellaceae; g__Prevotellaceae_UCG-004; s__uncultured_bacterium	1.0
3679dbd7a9620f3f071a90f3a8f1f788	1	False	d__Bacteria; p__Actinobacteriota; c__Actinobacteria; o__Actinomycetales; f__Actinomycetaceae; g__Actinomyces; s__uncultured_bacterium	0.7
883bfeec15718e2e78ee76ea25c0a603	1	False	d__Bacteria; p__Bacteroidota; c__Bacteroidia; o__Bacteroidales; f__Prevotellaceae; g__Prevotella; s__uncultured_bacterium	0.9
8e167863d14effa07683bd2adf868576	1	False	d__Bacteria; p__Campilobacterota; c__Campylobacteria; o__Campylobacterales; f__Campylobacteraceae; g__Campylobacter	1.0
3fabaabc3cdd04c89a689e221f094a3a	1	False	Unassigned	1.0
339a5333a40a42567154c95d36e1e98c	1	False	d__Bacteria; p__Firmicutes; c__Clostridia; o__Lachnospirales; f__Lachnospiraceae; g__Blautia; s__uncultured_bacterium	0.7
f2735c286490a71c359f4d5db6bdd217	1	False	d__Bacteria; p__Firmicutes; c__Clostridia; o__Oscillospirales; f__Ruminococcaceae; g__Subdoligranulum; s__uncultured_bacterium	0.8
c7510a9d1f80ffa0e3fc2ce5a5778340	1	False	d__Bacteria; p__Firmicutes	1.0
dd98e002a75fa28874e80b7cd8c51c6c	1	False	d__Bacteria; p__Firmicutes; c__Clostridia; o__Clostridia_UCG-014; f__Clostridia_UCG-014; g__Clostridia_UCG-014; s__uncultured_bacterium	0.9
962bbb44ea96094cc7cf757608b07322	1	False	d__Bacteria; p__Bacteroidota; c__Bacteroidia; o__Bacteroidales; f__Prevotellaceae; g__Prevotellaceae_NK3B31_group; s__uncultured_bacterium	0.9
7927a73e04386c28185a6e46a34996c7	1	False	d__Bacteria; p__Firmicutes; c__Clostridia; o__Lachnospirales; f__Lachnospiraceae; g__Sellimonas; s__uncultured_bacterium	0.8
a503df47d8821b15300d9cfce16f5392	1	False	Unassigned	1.0
af10791fe3335caa48fd632e76742011	1	False	d__Bacteria; p__Proteobacteria; c__Gammaproteobacteria; o__Enterobacterales; f__Enterobacteriaceae; g__Escherichia-Shigella; s__Escherichia_coli	1.0
46044476bc385d525a6991cac9f21734	1	False	Unassigned	1.0
10d25b8406f6925d9b301ab6422040b6	1	False	d__Bacteria; p__Firmicutes	1.0
2b30fd75a83ceae87792934a5e87ad94	1	False	d__Bacteria; p__Firmicutes; c__Clostridia; o__Lachnospirales; f__Lachnospiraceae; g__Eisenbergiella	0.8
b7a2381c107488658e8311215eb8a586	1	False	d__Bacteria; p__Firmicutes; c__Clostridia; o__Lachnospirales; f__Lachnospiraceae; g__Lachnospiraceae_UCG-004; s__uncultured_bacterium	0.875
958a0282edc60620ced2265221631d3d	1	False	d__Bacteria; p__Bacteroidota; c__Bacteroidia; o__Bacteroidales; f__Marinifilaceae; g__Butyricimonas; s__uncultured_organism	0.6
678c6708d48db9c05598fa83d532539d	1	False	d__Bacteria; p__Firmicutes; c__Clostridia; o__Lachnospirales; f__Lachnospiraceae; g__Dorea; s__uncultured_bacterium	1.0
07a56237b4553549eef7e6740b43a2cd	1	False	d__Bacteria; p__Bacteroidota; c__Bacteroidia; o__Bacteroidales; f__Bacteroidaceae; g__Bacteroides; s__uncultured_bacterium	0.75
b6432201ce252cd4ad7a482b1ec0122f	1	False	d__Bacteria; p__Firmicutes; c__Bacilli; o__Lactobacillales; f__Carnobacteriaceae; g__Granulicatella	1.0
73077a05d91fc1362ac88377e634ddb3	1	False	d__Bacteria; p__Firmicutes; c__Clostridia; o__Oscillospirales; f__Ruminococcaceae; g__Faecalibacterium; s__uncultured_bacterium	0.8
21f36307accb609a7ccdaa7055ab1efe	1	False	d__Bacteria; p__Bacteroidota; c__Bacteroidia; o__Bacteroidales; f__Prevotellaceae; g__Prevotella; s__unidentified	1.0
dacb278d26d2ea486aab71314b537c8e	1	False	d__Bacteria; p__Proteobacteria; c__Gammaproteobacteria; o__Enterobacterales; f__Enterobacteriaceae	1.0
a718ad1bbf8574ae55806ae93ef6f7b4	1	False	d__Bacteria; p__Bacteroidota; c__Bacteroidia; o__Bacteroidales; f__Prevotellaceae; g__Prevotella; s__uncultured_bacterium	0.9
a69f579722926cc1cf376a0987de9481	1	False	d__Bacteria; p__Bacteroidota; c__Bacteroidia; o__Bacteroidales; f__Bacteroidaceae; g__Bacteroides; s__uncultured_bacterium	0.6
d69124fd7d2ae4a2b1263211c94248e4	1	False	d__Bacteria; p__Firmicutes; c__Clostridia; o__Christensenellales; f__Christensenellaceae; g__Christensenellaceae_R-7_group; s__uncultured_bacterium	0.9
036b46c03c7adbcb3eacaeab083f2644	1	False	d__Bacteria; p__Desulfobacterota; c__Desulfovibrionia; o__Desulfovibrionales; f__Desulfovibrionaceae; g__Desulfovibrio	1.0
dcc93f99909a77af1d55337489c4b4c9	1	False	d__Bacteria; p__Firmicutes; c__Clostridia; o__Lachnospirales; f__Lachnospiraceae; g__Roseburia; s__uncultured_bacterium	0.8
d954d1899eb8f71ab1ab35da8b163d33	1	False	d__Bacteria; p__Bacteroidota; c__Bacteroidia; o__Bacteroidales; f__Bacteroidaceae; g__Bacteroides; s__uncultured_organism	0.6
6f8854b3c5402c8a125a81c5f0cbec02	1	False	d__Bacteria; p__Actinobacteriota; c__Coriobacteriia; o__Coriobacteriales; f__Eggerthellaceae; g__Senegalimassilia; s__uncultured_bacterium	0.8
e3f15a31d00f35643d35f2ad9a7a615c	1	False	d__Bacteria; p__Firmicutes; c__Clostridia; o__Lachnospirales; f__Lachnospiraceae; g__Lachnospiraceae_FCS020_group; s__uncultured_bacterium	0.7
89f5a4c47a4a60cceb95c3146f68e83b	0	False	d__Bacteria; p__Firmicutes; c__Clostridia; o__Oscillospirales; f__Ruminococcaceae; g__Faecalibacterium; s__uncultured_bacterium	0.8
325e41c7579e7cfd9b23ba39eb634bec	0	False	d__Bacteria; p__Verrucomicrobiota; c__Verrucomicrobiae; o__Verrucomicrobiales; f__Akkermansiaceae; g__Akkermansia; s__uncultured_bacterium	1.0
5932ee823a8651527b09210006d52195	0	False	d__Bacteria; p__Proteobacteria; c__Gammaproteobacteria; o__Pasteurellales; f__Pasteurellaceae; g__Haemophilus; s__Haemophilus_influenzae	0.8
9c7e0272d2e684c96ed30e567dae6c71	0	False	d__Bacteria; p__Bacteroidota; c__Bacteroidia; o__Bacteroidales; f__Bacteroidaceae; g__Bacteroides; s__uncultured_bacterium	0.7
c1e8642f8860f09533337e6dcac4c65f	0	False	d__Bacteria; p__Firmicutes; c__Bacilli; o__Erysipelotrichales; f__Erysipelatoclostridiaceae; g__Erysipelotrichaceae_UCG-003; s__uncultured_bacterium	0.6
dfbfb19eaec2a395e5ae5ba55ebc5150	0	False	d__Bacteria; p__Firmicutes; c__Bacilli; o__Lactobacillales; f__Streptococcaceae; g__Streptococcus; s__Streptococcus_anginosus	0.8
c7b3f033e9928c6913db2f05d3d20d97	0	False	d__Bacteria; p__Bacteroidota; c__Bacteroidia; o__Bacteroidales; f__Prevotellaceae; g__Alloprevotella; s__uncultured_bacterium	0.7
4bc406548cea31b6c1fd92d6921b6b7d	0	False	d__Bacteria; p__Bacteroidota; c__Bacteroidia; o__Bacteroidales; f__Bacteroidaceae; g__Bacteroides; s__Bacteroides_fragilis	0.6
29c92dd089c4362c8266a7d0a44fc1c8	0	False	d__Bacteria; p__Proteobacteria; c__Gammaproteobacteria; o__Enterobacterales; f__Enterobacteriaceae; g__Klebsiella; s__Klebsiella_pneumoniae	0.9
4dd9bf6f18b9eae7fbd5931f6a89d414	0	False	d__Bacteria; p__Proteobacteria; c__Gammaproteobacteria; o__Enterobacterales; f__Enterobacteriaceae; g__Escherichia-Shigella; s__Escherichia_coli	1.0
b045f064a5c423e83d84bf17c091d8ee	0	False	d__Bacteria; p__Bacteroidota; c__Bacteroidia; o__Bacteroidales; f__Prevotellaceae; g__Prevotella; s__uncultured_bacterium	0.9
a01b6188fb1fe6548a57a176ebbddf48	0	False	d__Bacteria; p__Bacteroidota; c__Bacteroidia; o__Bacteroidales; f__Bacteroidaceae; g__Bacteroides; s__Bacteroides_thetaiotaomicron	0.7
547f7f631b685c5f07486e3170f16ea4	0	False	d__Bacteria; p__Firmicutes; c__Clostridia; o__Lachnospirales; f__Lachnospiraceae; g__Dorea; s__uncultured_bacterium	1.0
2de10dd2ae8a30ed0ac7e261c66ca912	0	False	d__Bacteria; p__Bacteroidota; c__Bacteroidia; o__Bacteroidales; f__Bacteroidaceae; g__Bacteroides; s__uncultured_bacterium	1.0
9f074321ddcf3e2e3ae39f28e1cd48e9	0	False	d__Bacteria; p__Bacteroidota; c__Bacteroidia; o__Bacteroidales; f__Bacteroidaceae; g__Bacteroides; s__uncultured_bacterium	0.8
d46bee96430838464d394a3674b68ab7	0	False	d__Bacteria; p__Bacteroidota; c__Bacteroidia; o__Bacteroidales; f__Prevotellaceae; g__Prevotella; s__uncultured_bacterium	0.9
d7ac8cda704968c3b98301c34b621621	0	False	d__Bacteria; p__Firmicutes; c__Clostridia; o__Oscillospirales; f__Oscillospiraceae; g__uncultured; s__uncultured_bacterium	0.6
e4b95c048146687dffb3155e5b7f1cca	0	False	d__Bacteria; p__Bacteroidota; c__Bacteroidia; o__Bacteroidales; f__Barnesiellaceae; g__Coprobacter; s__uncultured_bacterium	0.571
d289785b4c403afba4fc750236d360d7	0	False	d__Bacteria; p__Firmicutes; c__Clostridia; o__Peptostreptococcales-Tissierellales; f__Anaerovoracaceae; g__[Eubacterium]_nodatum_group; s__uncultured_bacterium	0.6
40ca73ed97b7ff09a9b39186ed5bf4f8	0	False	d__Bacteria; p__Firmicutes; c__Clostridia; o__Christensenellales; f__Christensenellaceae; g__Christensenellaceae_R-7_group; s__uncultured_bacterium	0.8
f059b7a4965270ebaca68d4885f6101b	0	False	d__Bacteria; p__Bacteroidota; c__Bacteroidia; o__Bacteroidales; f__Bacteroidaceae; g__Bacteroides; s__uncultured_bacterium	0.9
f898ab45c0c9f368f12da3cc106ceb4d	0	False	d__Bacteria; p__Verrucomicrobiota; c__Verrucomicrobiae; o__Opitutales; f__Puniceicoccaceae; g__uncultured; s__uncultured_bacterium	1.0
e8db8dd5643879fb46e00780cc07d818	0	False	d__Bacteria; p__Bacteroidota; c__Bacteroidia; o__Bacteroidales; f__Rikenellaceae; g__Alistipes	1.0
60a4b2f7ce53e7c13358c68807a580c1	0	False	d__Bacteria; p__Actinobacteriota; c__Coriobacteriia; o__Coriobacteriales; f__Atopobiaceae; g__Olsenella	1.0
c198496fff3111cca1cb82b1f9df3f82	0	False	d__Bacteria; p__Bacteroidota; c__Bacteroidia; o__Bacteroidales; f__Tannerellaceae; g__Parabacteroides; s__uncultured_bacterium	0.9
13dd405dbfbf30c76ddbd6ea725082b8	0	False	d__Bacteria; p__Firmicutes; c__Clostridia; o__Lachnospirales; f__Lachnospiraceae; g__Anaerostipes; s__uncultured_bacterium	0.6
8c1fe2c986a4055bea7ee24e21a71647	0	False	d__Bacteria; p__Bacteroidota; c__Bacteroidia; o__Bacteroidales; f__Bacteroidaceae; g__Bacteroides	1.0
7af6e5c656a41b90a5f6edcf08d7d869	0	False	d__Bacteria; p__Bacteroidota; c__Bacteroidia; o__Bacteroidales; f__Rikenellaceae; g__Rikenellaceae_RC9_gut_group; s__uncultured_bacterium	1.0
f3b8b518e1514db6f7477ae9a5f4b594	0	False	d__Bacteria; p__Firmicutes; c__Clostridia; o__Peptostreptococcales-Tissierellales; f__Anaerovoracaceae; g__Family_XIII_UCG-001; s__uncultured_bacterium	1.0
aa872b9a024f9b341b844c287680cc2c	0	False	d__Bacteria; p__Firmicutes; c__Bacilli; o__Lactobacillales; f__Streptococcaceae; g__Streptococcus; s__Streptococcus_anginosus	0.9
fdca173a507a5ed9948d09c86e55b3d4	0	False	d__Bacteria; p__Firmicutes; c__Clostridia; o__Lachnospirales; f__Lachnospiraceae; g__Agathobacter	0.7
10eed5770522d9609881a9786938c7eb	0	False	d__Bacteria; p__Firmicutes; c__Clostridia; o__Oscillospirales; f__Oscillospiraceae; g__Oscillibacter; s__uncultured_bacterium	0.6
a021678dfaa2f1156914995c9080a9ed	0	False	d__Bacteria; p__Firmicutes; c__Clostridia; o__Oscillospirales; f__[Eubacterium]_coprostanoligenes_group; g__[Eubacterium]_coprostanoligenes_group; s__uncultured_bacterium	0.9
8379e5d223ae2ba109dbffc5eb3ef6fd	0	False	d__Bacteria; p__Bacteroidota; c__Bacteroidia; o__Bacteroidales; f__Barnesiellaceae; g__Coprobacter	1.0
09830062769ef332752632f8d39aee8b	0	False	d__Bacteria; p__Bacteroidota; c__Bacteroidia; o__Bacteroidales; f__Prevotellaceae; g__Prevotella; s__uncultured_bacterium	1.0
71a9f26c55c75acc46b52fdd00930ada	0	False	d__Bacteria; p__Firmicutes; c__Negativicutes; o__Veillonellales-Selenomonadales; f__Veillonellaceae; g__Allisonella; s__uncultured_bacterium	0.6
d3b740f5bba613ce1cb1d41a049e4c75	0	False	d__Bacteria; p__Proteobacteria; c__Gammaproteobacteria; o__Aeromonadales; f__Succinivibrionaceae; g__Succinivibrio	0.9
4f8e59d2849f0b1fa969cf7741490a36	0	False	d__Bacteria; p__Proteobacteria; c__Gammaproteobacteria; o__Burkholderiales; f__Sutterellaceae; g__Sutterella; s__uncultured_bacterium	0.7
b34f978325ec702ce77ccddf8667e2dc	0	False	d__Bacteria; p__Actinobacteriota; c__Coriobacteriia; o__Coriobacteriales; f__Eggerthellaceae; g__Senegalimassilia; s__uncultured_bacterium	1.0
c2cb6fe0aa0a1311525aede75954455c	0	False	d__Bacteria; p__Firmicutes; c__Clostridia; o__Lachnospirales; f__Lachnospiraceae	1.0
bf2c7a63827bc0b6e73780bd35ef1b24	0	False	d__Bacteria; p__Firmicutes; c__Bacilli; o__Lactobacillales; f__Leuconostocaceae; g__Leuconostoc; s__Leuconostoc_lactis	0.9
62e11c75f067ea38de3e4b7ad09bff82	0	False	d__Bacteria; p__Firmicutes; c__Clostridia; o__Oscillospirales; f__Ruminococcaceae; g__Faecalibacterium; s__uncultured_bacterium	0.7
d6c0a4a2a829518548884c96b6ac591e	0	False	d__Bacteria; p__Firmicutes; c__Clostridia; o__Lachnospirales; f__Lachnospiraceae; g__Blautia; s__uncultured_bacterium	1.0
d7f55e70856eef2033814717973f7544	0	False	d__Bacteria; p__Firmicutes; c__Clostridia; o__Lachnospirales; f__Lachnospiraceae; g__Coprococcus; s__uncultured_bacterium	0.8
235c05faa64ffaa1b54c764cccc4b40c	0	False	d__Bacteria; p__Firmicutes; c__Clostridia; o__Clostridia_UCG-014; f__Clostridia_UCG-014; g__Clostridia_UCG-014; s__uncultured_bacterium	0.9
6b3403fe756260cbc9684b47e9b9e33d	0	False	d__Bacteria; p__Firmicutes; c__Clostridia; o__Oscillospirales; f__Oscillospiraceae; g__NK4A214_group; s__uncultured_bacterium	0.8
a6db908fca3a217d919f1585b98fafab	0	False	d__Bacteria; p__Bacteroidota; c__Bacteroidia; o__Bacteroidales; f__Marinifilaceae; g__Butyricimonas	1.0
8ba4aec2b71129d4ca1fbf9585f7e6a9	0	False	d__Bacteria; p__Firmicutes; c__Clostridia; o__Oscillospirales; f__Ruminococcaceae; g__uncultured; s__uncultured_bacterium	0.9
82e2c96911c810df7149ead9346d0091	0	False	d__Bacteria; p__Actinobacteriota; c__Coriobacteriia; o__Coriobacteriales; f__Eggerthellaceae; g__Eggerthella	1.0
3a90aa033371f41fc4b71cadd0a19b4c	0	False	d__Bacteria; p__Firmicutes; c__Negativicutes; o__Veillonellales-Selenomonadales; f__Veillonellaceae; g__Dialister; s__uncultured_bacterium	0.9
ab3c6be0a3829585b53deafd35c02cf6	0	False	d__Bacteria; p__Firmicutes; c__Clostridia; o__Lachnospirales; f__Lachnospiraceae; g__Coprococcus; s__uncultured_bacterium	1.0
25b5cf6a2888c5bb9c98aae0c4a64613	0	False	d__Bacteria; p__Firmicutes; c__Bacilli; o__RF39; f__RF39; g__RF39; s__uncultured_bacterium	1.0
584d7a22e38ccbc54e524383cfd7c4c5	0	False	d__Bacteria; p__Bacteroidota; c__Bacteroidia; o__Bacteroidales; f__Bacteroidaceae; g__Bacteroides	1.0
2e79925c41e35efa4eb1e37b943e080b	0	False	d__Bacteria; p__Firmicutes; c__Clostridia; o__Christensenellales; f__Christensenellaceae; g__Christensenellaceae_R-7_group; s__uncultured_bacterium	0.7
c719505feb990404a58ab0f36e4937d4	0	False	d__Bacteria; p__Firmicutes; c__Clostridia; o__Oscillospirales; f__Ruminococcaceae; g__Ruminococcus; s__uncultured_bacterium	0.8
ede3397eaa984e6220afdc35aa6d45a0	0	False	d__Bacteria; p__Firmicutes; c__Clostridia; o__Oscillospirales; f__Butyricicoccaceae; g__Butyricicoccus; s__uncultured_bacterium	1.0
ede6ae5f14b6e8033bd48a3a6c1efa58	0	False	d__Bacteria; p__Firmicutes; c__Clostridia; o__Christensenellales; f__Christensenellaceae; g__Christensenellaceae_R-7_group; s__uncultured_bacterium	0.8
3a318477a1c9b91b1ba5131dffa8285d	0	False	d__Bacteria; p__Firmicutes; c__Clostridia; o__Oscillospirales; f__UCG-010; g__UCG-010; s__uncultured_bacterium	0.8
61ac76dc8ba1bd8f2d98e2a0b58bc82f	0	False	d__Bacteria; p__Firmicutes; c__Bacilli; o__Acholeplasmatales; f__Acholeplasmataceae; g__Anaeroplasma; s__uncultured_bacterium	0.857
da3fd1a55a332ea87aa1da2b633d54b2	0	False	d__Bacteria; p__Firmicutes; c__Bacilli; o__Lactobacillales; f__Streptococcaceae; g__Streptococcus	1.0
9f729713741abe0c0624e5911529c89c	0	False	d__Bacteria; p__Bacteroidota; c__Bacteroidia; o__Bacteroidales; f__Prevotellaceae; g__Prevotella; s__Prevotella_bivia	0.7
5ec5550ed6d51c086752070661cdc279	0	False	d__Bacteria; p__Firmicutes; c__Negativicutes; o__Veillonellales-Selenomonadales; f__Veillonellaceae; g__Veillonella; s__uncultured_bacterium	0.8
18cac3ed92907add6a2b2756ed6eb3a1	0	False	d__Bacteria; p__Firmicutes; c__Bacilli; o__Lactobacillales; f__Streptococcaceae; g__Streptococcus; s__Streptococcus_gordonii	0.9
5ab184c558f5550e05416c1300488caf	0	False	d__Bacteria; p__Bacteroidota; c__Bacteroidia; o__Bacteroidales; f__Tannerellaceae; g__Parabacteroides	1.0
a00a8de0d763940f35596d491dac7aef	0	False	d__Bacteria; p__Firmicutes; c__Clostridia; o__Lachnospirales; f__Lachnospiraceae; g__Roseburia; s__uncultured_bacterium	0.7
202ce359baea5304cc5c67de3eab3f72	0	False	d__Bacteria; p__Firmicutes; c__Clostridia; o__Clostridiales; f__Clostridiaceae; g__Clostridium_sensu_stricto_1; s__uncultured_bacterium	0.8
9e0eb6fb39aa7ba040f10c8aa416a136	0	False	d__Bacteria; p__Firmicutes; c__Clostridia; o__Oscillospirales; f__Oscillospiraceae; g__UCG-002; s__uncultured_bacterium	0.9
069f76f7e3c3b65dfdbada6891740029	0	False	d__Bacteria; p__Bacteroidota; c__Bacteroidia; o__Bacteroidales; f__Prevotellaceae; g__Prevotella; s__uncultured_bacterium	1.0
9f00bf628e277105fd702de14fb361c5	0	False	d__Bacteria; p__Firmicutes; c__Clostridia; o__Lachnospirales; f__Lachnospiraceae; g__Lachnospiraceae_UCG-003; s__uncultured_bacterium	0.8
3d3bb06df80852d95c8914197448e42c	0	False	d__Bacteria; p__Firmicutes; c__Bacilli; o__Staphylococcales; f__Gemellaceae; g__Gemella; s__uncultured_bacterium	0.6
a8dfb21db4f2b09da9c11fdb825b2183	0	False	d__Bacteria; p__Firmicutes; c__Clostridia; o__Clostridia_UCG-014; f__Clostridia_UCG-014; g__Clostridia_UCG-014; s__uncultured_bacterium	0.9
d4e2333fc1b0c2cae161d9df32e2207d	0	False	d__Bacteria; p__Firmicutes; c__Bacilli; o__Lactobacillales; f__Lactobacillaceae; g__Lactobacillus; s__Lactobacillus_plantarum	1.0
ed62f5502a092197213a674327858b46	0	False	d__Bacteria; p__Firmicutes; c__Clostridia; o__Oscillospirales; f__Ruminococcaceae	0.7
4d9325799ff07cc3f9a10cfa7fee2da2	0	False	d__Bacteria; p__Proteobacteria; c__Gammaproteobacteria; o__Enterobacterales; f__Enterobacteriaceae; g__Klebsiella; s__Klebsiella_oxytoca	0.6
f4791df803145fd6270820ff3807e60c	0	False	d__Bacteria; p__Firmicutes; c__Clostridia; o__Oscillospirales; f__Ruminococcaceae; g__uncultured; s__uncultured_bacterium	0.8
f00b923e54dd561242aeed8ca361340f	0	False	d__Bacteria; p__Firmicutes; c__Clostridia; o__Lachnospirales; f__Lachnospiraceae; g__Roseburia; s__uncultured_bacterium	0.7
773b0eada71b3f298557bf4f57828efe	0	False	d__Bacteria; p__Firmicutes; c__Clostridia; o__Lachnospirales; f__Lachnospiraceae; g__uncultured; s__uncultured_bacterium	0.9
766577db4efbc7badf2399baf3e8b42c	0	False	d__Bacteria; p__Firmicutes; c__Clostridia; o__Lachnospirales; f__Lachnospiraceae; g__Roseburia; s__uncultured_bacterium	0.8
11fd4a39ef9d994dcecf70ed4ffb11b9	0	False	d__Bacteria; p__Firmicutes; c__Clostridia; o__Lachnospirales; f__Lachnospiraceae; g__[Ruminococcus]_gauvreauii_group; s__uncultured_bacterium	0.9
58a358e384971108358661b380db3338	0	False	d__Bacteria; p__Firmicutes; c__Clostridia; o__Lachnospirales; f__Lachnospiraceae; g__Lachnospiraceae_UCG-004; s__uncultured_bacterium	0.8
964b4e1d99a1441b5dac125d1452b97a	0	False	d__Bacteria; p__Bacteroidota; c__Bacteroidia; o__Bacteroidales; f__Tannerellaceae; g__Parabacteroides	0.9
e1631b9668a65af8828614ed33a3c692	0	False	d__Bacteria; p__Firmicutes; c__Clostridia; o__Oscillospirales; f__Ruminococcaceae; g__Faecalibacterium	0.9
e47c534ae60217e18537c91167cf7f26	0	False	d__Bacteria; p__Firmicutes; c__Clostridia; o__Lachnospirales; f__Lachnospiraceae; g__Roseburia; s__uncultured_bacterium	0.6
f1e1f28fc005bbcd1a1819994c099a98	0	False	d__Bacteria; p__Firmicutes; c__Clostridia; o__Oscillospirales; f__Ruminococcaceae; g__Ruminococcus; s__uncultured_bacterium	0.9
a5e88ab69964d1d92b733afe606cfa93	0	False	d__Bacteria; p__Bacteroidota; c__Bacteroidia; o__Bacteroidales; f__Marinifilaceae; g__Butyricimonas; s__uncultured_bacterium	0.6
8ac67871377691e5f68c2600870352ec	0	False	d__Bacteria; p__Firmicutes; c__Clostridia; o__Oscillospirales; f__Ruminococcaceae; g__Negativibacillus; s__uncultured_bacterium	0.8
7d09dd436b38ad64a89d15be57a2f149	0	False	d__Bacteria; p__Firmicutes; c__Clostridia; o__Lachnospirales; f__Lachnospiraceae; g__Blautia; s__uncultured_bacterium	0.7
b2518b8616f089614c6cc497be9754c7	0	False	d__Bacteria; p__Bacteroidota; c__Bacteroidia; o__Bacteroidales; f__Marinifilaceae; g__Butyricimonas; s__uncultured_bacterium	0.7
0aa60a5701dea910105401a891ba6acd	0	False	d__Bacteria; p__Firmicutes; c__Bacilli; o__Lactobacillales; f__Streptococcaceae; g__Streptococcus; s__Streptococcus_sobrinus	1.0
1397ab5e5877347b0ed5feac897e9b10	0	False	d__Bacteria; p__Bacteroidota; c__Bacteroidia; o__Bacteroidales; f__Tannerellaceae; g__Parabacteroides	1.0
569bfcd74e1ee5a0b544ddd3c3a7a250	0	False	d__Bacteria; p__Bacteroidota; c__Bacteroidia; o__Bacteroidales; f__Prevotellaceae; g__Paraprevotella; s__uncultured_bacterium	0.9
319e158fdcb5a633ce417638ad873689	0	False	d__Bacteria; p__Firmicutes; c__Negativicutes; o__Veillonellales-Selenomonadales; f__Veillonellaceae; g__Veillonella	1.0
48a3cbe183833f94287c4d5b593cc68d	0	False	d__Bacteria; p__Bacteroidota; c__Bacteroidia; o__Bacteroidales; f__Prevotellaceae; g__Prevotella; s__uncultured_bacterium	1.0
4b7c8c40ae5fff5e09a36a3e89be7bac	0	False	d__Bacteria; p__Actinobacteriota; c__Coriobacteriia; o__Coriobacteriales	1.0
93c68b0cc4cbc10f97ad9b1c0a1a9732	0	False	d__Bacteria; p__Firmicutes; c__Bacilli; o__Lactobacillales; f__Streptococcaceae; g__Streptococcus; s__Streptococcus_mutans	1.0
9639af81850c243e64db76ae269b9e38	0	False	d__Bacteria; p__Firmicutes; c__Clostridia; o__Oscillospirales; f__Ruminococcaceae; g__Faecalibacterium	1.0
d8069a36e3667ff041de4f1c5e0d802c	0	False	d__Bacteria; p__Firmicutes; c__Clostridia; o__Lachnospirales; f__Lachnospiraceae; g__uncultured; s__uncultured_bacterium	0.9
7eeeefdcbd2f8b8106055222a3dbb441	0	False	d__Bacteria; p__Firmicutes; c__Clostridia; o__Lachnospirales; f__Lachnospiraceae; g__[Eubacterium]_ventriosum_group; s__uncultured_bacterium	0.7
d546c816dbbd36c9521592073df19200	0	False	d__Bacteria; p__Firmicutes; c__Clostridia; o__Oscillospirales; f__Ruminococcaceae; g__Faecalibacterium; s__Faecalibacterium_prausnitzii	0.6
ffb2262b8183655d421ec92b0c76fb7f	0	False	d__Bacteria; p__Firmicutes; c__Clostridia; o__Lachnospirales; f__Lachnospiraceae; g__Hungatella; s__uncultured_bacterium	0.7
981c39341626e9fb890e4035d8c433a6	0	False	d__Bacteria; p__Firmicutes; c__Clostridia; o__Lachnospirales; f__Lachnospiraceae; g__Anaerostipes; s__uncultured_bacterium	1.0
d6ed830317da3c971404fd662968c855	0	False	d__Bacteria; p__Firmicutes; c__Clostridia; o__Oscillospirales; f__Oscillospiraceae; g__UCG-002; s__uncultured_bacterium	0.7
6a944d37077f27b658d6feb71f49b177	0	False	d__Bacteria; p__Firmicutes; c__Clostridia; o__Oscillospirales; f__Oscillospiraceae; g__Oscillibacter; s__uncultured_bacterium	0.8
aa53b9b2bb3aecf11c8b4882215dab0a	0	False	d__Bacteria; p__Firmicutes; c__Clostridia; o__Christensenellales; f__Christensenellaceae; g__Christensenellaceae_R-7_group; s__uncultured_bacterium	0.8
1b9e228c67d6cb4da873dfd894c90049	0	False	d__Bacteria; p__Bacteroidota; c__Bacteroidia; o__Bacteroidales; f__Rikenellaceae; g__Alistipes; s__uncultured_bacterium	0.7
256c15d3eae7d08540763524d7bfafb1	0	False	d__Bacteria; p__Bacteroidota; c__Bacteroidia; o__Bacteroidales; f__Prevotellaceae; g__Prevotella; s__uncultured_organism	0.7
523c113f4b5b113bc13b597b9a7ed64c	0	False	d__Bacteria; p__Firmicutes; c__Clostridia; o__Lachnospirales; f__Lachnospiraceae; g__Coprococcus; s__uncultured_bacterium	0.8
6aa648be4b6034e62cfe6e0b27c843aa	0	False	d__Bacteria; p__Firmicutes; c__Clostridia; o__Lachnospirales; f__Lachnospiraceae; g__Hungatella; s__uncultured_bacterium	0.8
acc3be006027013baa588a0e8b4ceca1	0	False	d__Bacteria; p__Synergistota; c__Synergistia; o__Synergistales; f__Synergistaceae; g__Cloacibacillus	1.0
39c60d03969adff6acf706b716eb8cdd	0	False	d__Bacteria; p__Firmicutes; c__Clostridia; o__Peptostreptococcales-Tissierellales; f__Anaerovoracaceae; g__[Eubacterium]_nodatum_group; s__uncultured_bacterium	0.6
73d00a30ec570de597e0837e1450a5dc	0	False	d__Bacteria; p__Bacteroidota; c__Bacteroidia; o__Bacteroidales; f__Bacteroidaceae; g__Bacteroides; s__uncultured_organism	0.6
f195c53518b6ef4d490c824665a8554e	0	False	d__Bacteria; p__Firmicutes; c__Clostridia; o__Peptostreptococcales-Tissierellales; f__Anaerovoracaceae; g__Family_XIII_AD3011_group; s__uncultured_organism	0.6
a3c44d821d4049ae5c77c9ec06b0ee68	0	False	d__Bacteria; p__Firmicutes; c__Clostridia; o__Lachnospirales; f__Lachnospiraceae; g__Lachnospiraceae_UCG-001; s__uncultured_bacterium	0.7
bb715a262273a3b9bfb903b086872dd1	0	False	d__Bacteria; p__Firmicutes; c__Clostridia; o__Lachnospirales; f__Lachnospiraceae	1.0
0c8363e4eceb9b6e95a0da2153adc5f5	0	False	d__Bacteria; p__Firmicutes; c__Clostridia; o__Oscillospirales; f__Butyricicoccaceae; g__Butyricicoccus; s__uncultured_bacterium	1.0
5859b8667e19da5790f03a1d6d65028a	0	False	d__Bacteria; p__Bacteroidota; c__Bacteroidia; o__Bacteroidales; f__Tannerellaceae; g__Parabacteroides; s__uncultured_bacterium	0.7
4850d87d6ae4ae66619f266a705210dd	0	False	d__Bacteria; p__Firmicutes; c__Clostridia; o__Oscillospirales; f__Ruminococcaceae; g__Ruminococcus; s__uncultured_bacterium	0.7
7df5cbcb58e6cb3729136bd55fce43be	0	False	d__Bacteria; p__Firmicutes; c__Clostridia; o__Lachnospirales; f__Lachnospiraceae; g__[Eubacterium]_fissicatena_group	1.0
ef17c204d9852c5588d691baf88a9789	0	False	d__Bacteria; p__Firmicutes; c__Clostridia; o__Lachnospirales; f__Lachnospiraceae; g__[Eubacterium]_eligens_group; s__uncultured_bacterium	0.6
c54849bf7a822e27d72aec51bf13bf52	0	False	d__Bacteria; p__Firmicutes; c__Clostridia; o__Oscillospirales; f__Ruminococcaceae; g__Faecalibacterium; s__Faecalibacterium_prausnitzii	0.6
67838d517f0dc3e7c1f56a8287fa44bf	0	False	d__Bacteria; p__Firmicutes; c__Clostridia; o__Oscillospirales; f__Oscillospiraceae; g__uncultured; s__uncultured_bacterium	0.9
bd334d165003b165390f927dae98d1cf	0	False	d__Bacteria; p__Firmicutes; c__Clostridia; o__Christensenellales; f__Christensenellaceae; g__Christensenellaceae_R-7_group; s__uncultured_bacterium	0.7
138be759f552882e8f13e5ea45e9df9c	0	False	d__Bacteria; p__Firmicutes; c__Clostridia; o__Lachnospirales; f__Defluviitaleaceae; g__Defluviitaleaceae_UCG-011; s__uncultured_bacterium	0.9
d62aa54642d83a67ec51e33265b0778c	0	False	d__Bacteria; p__Firmicutes; c__Bacilli; o__RF39; f__RF39; g__RF39; s__uncultured_bacterium	0.9
b2665b4d4bfc9fdd15a63a74dedce83b	0	False	d__Bacteria; p__Firmicutes; c__Clostridia; o__Lachnospirales; f__Lachnospiraceae; g__Lachnospiraceae_UCG-001; s__uncultured_bacterium	1.0
b4628c3c8a84e2532b1fc796d643cf28	0	False	d__Bacteria; p__Desulfobacterota; c__Desulfovibrionia; o__Desulfovibrionales; f__Desulfovibrionaceae; g__Desulfovibrio	1.0
62c381cee15c1fa9174ccc5db16fd06a	0	False	d__Bacteria; p__Desulfobacterota; c__Desulfovibrionia; o__Desulfovibrionales; f__Desulfovibrionaceae; g__Desulfovibrio	1.0
59f2aaacdfb5b926261ab1b7ff2b4a94	0	False	d__Bacteria; p__Bacteroidota; c__Bacteroidia; o__Bacteroidales; f__Bacteroidaceae; g__Bacteroides	1.0
1722438a32ddcf5ab79abc1159dab561	0	False	d__Bacteria; p__Desulfobacterota; c__Desulfovibrionia; o__Desulfovibrionales; f__Desulfovibrionaceae; g__Desulfovibrio; s__Desulfovibrio_piger	0.6
66b1a252b74311afae5062c3ec20d452	0	False	d__Bacteria; p__Firmicutes; c__Clostridia; o__Lachnospirales; f__Lachnospiraceae; g__[Ruminococcus]_gnavus_group; s__uncultured_bacterium	0.6
185fc3b5baac4bd0791a1749451d35c4	0	False	d__Bacteria; p__Firmicutes; c__Clostridia; o__Oscillospirales; f__Oscillospiraceae; g__UCG-005; s__uncultured_bacterium	0.8
2abbcd6f241d95f466cb06db13b310bf	0	False	d__Bacteria; p__Firmicutes; c__Clostridia; o__Lachnospirales; f__Lachnospiraceae; g__[Eubacterium]_ventriosum_group; s__uncultured_bacterium	0.9
469afd3016807f1758412ee5cdec1c40	0	False	d__Bacteria; p__Bacteroidota; c__Bacteroidia; o__Bacteroidales; f__Muribaculaceae; g__Muribaculaceae; s__uncultured_bacterium	0.9
10358ca0ff5837c5b5eda552e0885692	0	False	d__Bacteria; p__Firmicutes; c__Bacilli; o__RF39; f__RF39; g__RF39; s__uncultured_bacterium	0.9
99a970b879d98d4c45a6efe8b99f85af	0	False	d__Bacteria; p__Actinobacteriota; c__Coriobacteriia; o__Coriobacteriales; f__Eggerthellaceae; g__Eggerthella	1.0
e9bdd10faa21e6ecb6eb08336ea239fd	0	False	d__Bacteria; p__Firmicutes; c__Bacilli; o__RF39; f__RF39; g__RF39; s__uncultured_bacterium	1.0
3703997affbc60c9a72db0dc7434db08	0	False	d__Bacteria; p__Firmicutes; c__Clostridia; o__Christensenellales; f__Christensenellaceae; g__Christensenellaceae_R-7_group; s__uncultured_bacterium	0.9
f7f6c8d52d7277d81bb2436f386e14bc	0	False	d__Bacteria; p__Bacteroidota; c__Bacteroidia; o__Bacteroidales; f__Rikenellaceae; g__Alistipes	1.0
55934af35a48ac53267d68ed0ed470ab	0	False	d__Bacteria; p__Bacteroidota; c__Bacteroidia; o__Bacteroidales; f__Prevotellaceae; g__Prevotellaceae_NK3B31_group; s__uncultured_bacterium	0.9
d66c811124d187a87b3fdb1ffbfc951b	0	False	d__Bacteria; p__Firmicutes; c__Clostridia; o__Oscillospirales; f__Ruminococcaceae; g__Faecalibacterium; s__Faecalibacterium_prausnitzii	0.6
a10e9433080254b81b160cc3839d231a	0	False	d__Bacteria; p__Bacteroidota; c__Bacteroidia; o__Bacteroidales; f__Prevotellaceae; g__Alloprevotella; s__uncultured_bacterium	0.7
9d6a41cf1202b89973fd6e24348b2633	0	False	d__Bacteria; p__Bacteroidota; c__Bacteroidia; o__Bacteroidales; f__Rikenellaceae; g__Alistipes	1.0
644963baadd731f85be4eeffc4a733c1	0	False	d__Bacteria; p__Firmicutes; c__Clostridia; o__Lachnospirales; f__Lachnospiraceae; g__Blautia; s__uncultured_bacterium	0.7
1f965df10b41fee8dfd905dafc8ccab0	0	False	d__Bacteria; p__Bacteroidota; c__Bacteroidia; o__Bacteroidales; f__Bacteroidaceae; g__Bacteroides; s__uncultured_bacterium	0.7
8237559056c8e7c273a40470f9283de6	0	False	d__Bacteria; p__Firmicutes; c__Clostridia; o__Lachnospirales; f__Lachnospiraceae; g__Agathobacter	0.7
bef4010982b4f2e5b26e2877d7856539	0	False	d__Bacteria; p__Firmicutes; c__Bacilli; o__Lactobacillales; f__Leuconostocaceae; g__Weissella	1.0
25581ec4e26a51c317d8dca01090c168	0	False	d__Bacteria; p__Fusobacteriota; c__Fusobacteriia; o__Fusobacteriales; f__Leptotrichiaceae; g__Leptotrichia; s__uncultured_bacterium	0.8
98f8f9dcead7f4c53ef254e2b368fa77	0	False	d__Bacteria; p__Bacteroidota; c__Bacteroidia; o__Bacteroidales; f__Tannerellaceae; g__Parabacteroides	1.0
6bdaafca83228d79627eac95b48c632b	0	False	d__Bacteria; p__Firmicutes; c__Clostridia; o__Lachnospirales; f__Lachnospiraceae; g__Blautia; s__uncultured_bacterium	0.8
4b9e3b4a5b0b466e193c5f9a7a31473d	0	False	d__Bacteria; p__Firmicutes; c__Clostridia; o__Oscillospirales; f__UCG-010; g__UCG-010; s__uncultured_bacterium	0.8
67d643c118eda21e887abed1510746ef	0	False	d__Bacteria; p__Firmicutes; c__Clostridia; o__Christensenellales; f__Christensenellaceae; g__Christensenellaceae_R-7_group; s__uncultured_bacterium	0.7
68a70afaf4f24d5129a3019c7d4332de	0	False	d__Bacteria; p__Firmicutes; c__Clostridia; o__Oscillospirales; f__Ruminococcaceae; g__Faecalibacterium; s__uncultured_bacterium	0.6
2e178c985d3c9a62d038acd85e73082f	0	False	d__Bacteria; p__Verrucomicrobiota; c__Lentisphaeria; o__Victivallales; f__Victivallaceae; g__Victivallis	1.0
b8218e35eb8860c4578284a25340c030	0	False	d__Bacteria; p__Firmicutes; c__Clostridia; o__Peptostreptococcales-Tissierellales; f__Peptostreptococcaceae; g__Romboutsia; s__uncultured_bacterium	0.9
fe1185128fd22e683a6447c215017b69	0	False	d__Bacteria; p__Fusobacteriota; c__Fusobacteriia; o__Fusobacteriales; f__Leptotrichiaceae; g__Leptotrichia; s__uncultured_bacterium	0.8
c67300a719e434ddd807be19f17135ee	0	False	d__Bacteria; p__Firmicutes; c__Clostridia; o__Clostridiales; f__Clostridiaceae; g__Clostridium_sensu_stricto_1; s__uncultured_bacterium	0.9
56bdb5d2c83b86397de314cbbf501251	0	False	d__Bacteria; p__Firmicutes; c__Clostridia; o__Lachnospirales; f__Lachnospiraceae; g__uncultured; s__uncultured_bacterium	0.9
bf00d3769b3437fae8ef719e1b09600d	0	False	d__Bacteria; p__Firmicutes; c__Clostridia; o__Oscillospirales; f__Ruminococcaceae; g__Subdoligranulum; s__uncultured_bacterium	0.8
533aae5de320a1fc7b3feeebe56aac7e	0	False	d__Bacteria; p__Bacteroidota; c__Bacteroidia; o__Bacteroidales; f__Prevotellaceae; g__Prevotella; s__uncultured_bacterium	0.9
dc3a0674e39c5ae699ce535095267301	0	False	d__Bacteria; p__Firmicutes; c__Clostridia; o__Lachnospirales; f__Lachnospiraceae; g__GCA-900066575; s__uncultured_bacterium	0.7
4ab9ae12d7e08236fa75364480ad4799	0	False	d__Bacteria; p__Proteobacteria; c__Gammaproteobacteria; o__Pasteurellales; f__Pasteurellaceae; g__Haemophilus; s__uncultured_bacterium	1.0
341dfe53d34c2a9a831f169556f2f667	0	False	d__Bacteria; p__Firmicutes; c__Clostridia; o__Lachnospirales; f__Lachnospiraceae; g__Lachnospiraceae_FCS020_group; s__uncultured_bacterium	0.9
5a7f39be019148583bd20844b055be0e	0	False	d__Bacteria; p__Firmicutes; c__Clostridia; o__Lachnospirales; f__Lachnospiraceae; g__[Eubacterium]_hallii_group; s__uncultured_bacterium	0.8
7c3cc6005da2f728eacac44a313594cc	0	False	d__Bacteria; p__Firmicutes; c__Clostridia; o__Lachnospirales; f__Lachnospiraceae; g__Coprococcus; s__uncultured_bacterium	0.7
b2baacdb91747ad313b02bbddadc3319	0	False	d__Bacteria; p__Firmicutes; c__Clostridia; o__Oscillospirales; f__Oscillospiraceae; g__UCG-002; s__uncultured_bacterium	0.7
5291006ef2427233f10df0b5ca786a79	0	False	d__Bacteria; p__Firmicutes; c__Clostridia; o__Oscillospirales; f__Ruminococcaceae; g__UBA1819; s__uncultured_organism	0.6
36820592a8e64721e8dc19616305311a	0	False	d__Bacteria; p__Bacteroidota; c__Bacteroidia; o__Bacteroidales; f__Prevotellaceae; g__Paraprevotella; s__uncultured_bacterium	0.7
7dc404c0de354cdb3bcf2313327778b6	0	False	d__Bacteria; p__Firmicutes; c__Clostridia; o__Lachnospirales; f__Lachnospiraceae; g__Lachnospiraceae	0.8
a1a99c3cd18a73492f46522bd1da7185	0	False	d__Bacteria; p__Firmicutes; c__Clostridia; o__Oscillospirales; f__Butyricicoccaceae; g__UCG-009; s__uncultured_bacterium	0.9
583d607b3ae007e8f54399f588955a75	0	False	d__Bacteria; p__Firmicutes; c__Clostridia; o__Oscillospirales; f__Butyricicoccaceae; g__UCG-009; s__uncultured_bacterium	0.8
7e0ee986a31426afc6d9b040f73a0d0e	0	False	d__Bacteria; p__Firmicutes; c__Clostridia; o__Oscillospirales; f__Oscillospiraceae; g__uncultured; s__uncultured_bacterium	0.7
29d6252fcdb01a00f93114f45b93645c	0	False	d__Bacteria; p__Firmicutes; c__Clostridia; o__Oscillospirales; f__UCG-010; g__UCG-010; s__uncultured_bacterium	0.8
c66ce055aa58b00404b04d624a069e30	0	False	d__Bacteria; p__Firmicutes; c__Clostridia; o__Oscillospirales; f__Ruminococcaceae; g__Subdoligranulum; s__uncultured_bacterium	0.7
bdc424bc89be92082be03b5e6f4bc52a	0	False	d__Bacteria; p__Firmicutes; c__Clostridia; o__Lachnospirales; f__Lachnospiraceae; g__Blautia; s__uncultured_bacterium	0.8
02490a1ffbf092beb0baf8587f05659f	0	False	d__Bacteria; p__Firmicutes; c__Clostridia; o__Lachnospirales; f__Lachnospiraceae; g__[Eubacterium]_hallii_group; s__uncultured_bacterium	1.0
0eb6af06dbfd10dc54692877cc227e35	0	False	d__Bacteria; p__Firmicutes; c__Clostridia; o__Eubacteriales; f__Eubacteriaceae; g__Eubacterium	1.0
a1f5a040b5069131890378cefda6d8c6	0	False	d__Bacteria; p__Firmicutes; c__Clostridia; o__Lachnospirales; f__Lachnospiraceae; g__[Eubacterium]_hallii_group; s__uncultured_bacterium	0.9
d465495d81d2b3897127c6b44d4af9b0	0	False	d__Bacteria; p__Bacteroidota; c__Bacteroidia; o__Bacteroidales; f__Bacteroidaceae; g__Bacteroides; s__Bacteroides_ovatus	0.6
c87ef2dab69ed67e279823ed442c676d	0	False	d__Bacteria; p__Bacteroidota; c__Bacteroidia; o__Bacteroidales; f__Bacteroidaceae; g__Bacteroides	1.0
5062fd64b3e69b14e246aade1935fb1e	0	False	d__Bacteria; p__Firmicutes; c__Clostridia; o__Lachnospirales; f__Lachnospiraceae; g__[Ruminococcus]_torques_group; s__uncultured_bacterium	0.7
7e5094ec9199752e3c040f8ca1b4fad7	0	False	d__Bacteria; p__Firmicutes; c__Bacilli; o__Erysipelotrichales; f__Erysipelatoclostridiaceae; g__Erysipelotrichaceae_UCG-003; s__uncultured_bacterium	0.6
a5c537a854d731d7d94c2d916c37885c	0	False	d__Bacteria; p__Firmicutes; c__Clostridia; o__Lachnospirales; f__Lachnospiraceae; g__[Ruminococcus]_gauvreauii_group; s__uncultured_bacterium	0.9
543d043abe563fdd19d94ab594e7ed82	0	False	d__Bacteria; p__Firmicutes; c__Bacilli; o__Erysipelotrichales; f__Erysipelotrichaceae; g__Solobacterium; s__uncultured_bacterium	0.9
0f528c17977a272885d5fe1273c1b63e	0	False	d__Bacteria; p__Bacteroidota; c__Bacteroidia; o__Bacteroidales; f__Tannerellaceae; g__Parabacteroides	0.9
86f045fbb5a7e541f8f99398aa6e3a3d	0	False	d__Bacteria; p__Firmicutes; c__Bacilli; o__Lactobacillales; f__Lactobacillaceae; g__Lactobacillus	1.0
b480893a831c2b6e36c1ec74d98d5f27	0	False	d__Bacteria; p__Firmicutes; c__Bacilli; o__Lactobacillales; f__Streptococcaceae; g__Streptococcus; s__Streptococcus_dysgalactiae	1.0
421da40363edfe5ab7b3075d0ab1449a	0	False	d__Bacteria; p__Firmicutes; c__Clostridia; o__Oscillospirales; f__Ruminococcaceae; g__uncultured; s__uncultured_bacterium	0.9
06afb5c32352351eb72cfe85f69bf9b8	0	False	d__Bacteria; p__Proteobacteria; c__Gammaproteobacteria; o__Enterobacterales; f__Enterobacteriaceae; g__Enterobacter	1.0
a2d1da5241505525fb1bf3727af1dd04	0	False	d__Bacteria; p__Firmicutes; c__Negativicutes; o__Acidaminococcales; f__Acidaminococcaceae; g__Phascolarctobacterium; s__uncultured_bacterium	0.8
420674b75bd5f51e92508fc73eb32843	0	False	d__Bacteria; p__Firmicutes; c__Clostridia; o__Oscillospirales; f__Oscillospiraceae; g__uncultured; s__uncultured_bacterium	0.9
da20bf2e57d89ce14db386b91f11bc20	0	False	d__Bacteria; p__Firmicutes; c__Bacilli; o__Erysipelotrichales; f__Erysipelotrichaceae; g__Holdemanella; s__uncultured_bacterium	1.0
9f3ce6490289b3c0cabba4a4358e4eae	0	False	d__Bacteria; p__Bacteroidota; c__Bacteroidia; o__Bacteroidales; f__Tannerellaceae; g__Parabacteroides; s__uncultured_bacterium	0.6
6cf13b7c1ecee55538363c3e592f85e4	0	False	d__Bacteria; p__Bacteroidota; c__Bacteroidia; o__Bacteroidales; f__Prevotellaceae; g__Prevotella; s__uncultured_bacterium	1.0
b5c4c971f768b696e0111e5fef10626f	0	False	d__Bacteria; p__Firmicutes; c__Bacilli; o__Lactobacillales; f__Streptococcaceae; g__Streptococcus; s__Streptococcus_gordonii	0.9
30cc1e9e65a48b731782238685918908	0	False	d__Bacteria; p__Firmicutes; c__Clostridia; o__Lachnospirales; f__Lachnospiraceae; g__Blautia; s__uncultured_bacterium	0.8
f6f530f92555939ea54e52ff48dd49cb	0	False	d__Bacteria; p__Firmicutes; c__Clostridia; o__Oscillospirales; f__Butyricicoccaceae; g__Butyricicoccus; s__uncultured_bacterium	0.9
dc3ed7b405977c41a4f0bb0f9006dfd7	0	False	d__Bacteria; p__Firmicutes; c__Clostridia; o__Oscillospirales; f__Oscillospiraceae; g__uncultured; s__uncultured_bacterium	0.9
df909c009a4df76cf1b32ab15e7cd93d	0	False	d__Bacteria; p__Bacteroidota; c__Bacteroidia; o__Bacteroidales; f__Bacteroidaceae; g__Bacteroides	1.0
5fd809f0a152d245084f578cefe62ebe	0	False	d__Bacteria; p__Firmicutes; c__Bacilli; o__Lactobacillales; f__Streptococcaceae; g__Streptococcus; s__Streptococcus_parasanguinis	0.9
5b04b684265a6ee5ce7243d3c88986a0	0	False	d__Bacteria; p__Firmicutes; c__Clostridia; o__Lachnospirales; f__Lachnospiraceae; g__Coprococcus; s__uncultured_bacterium	1.0
dd0f85e40ff3f28553e7dcf117517067	0	False	d__Bacteria; p__Firmicutes; c__Clostridia; o__Oscillospirales; f__Oscillospiraceae; g__uncultured; s__uncultured_bacterium	0.9
5a11324b8614c62470b9783a086d493b	0	False	d__Bacteria; p__Firmicutes; c__Negativicutes; o__Acidaminococcales; f__Acidaminococcaceae; g__Acidaminococcus	1.0
6d1a5d81599f24de069bfd7572a16f76	0	False	d__Bacteria; p__Firmicutes; c__Bacilli; o__Lactobacillales; f__Streptococcaceae; g__Streptococcus; s__Streptococcus_sanguinis	0.9
9450afccf40a6257328a2503613eca2b	0	False	d__Bacteria; p__Bacteroidota; c__Bacteroidia; o__Bacteroidales; f__Barnesiellaceae; g__Barnesiella; s__uncultured_bacterium	0.7
ba418eda459466506fc76728e183d26a	0	False	d__Bacteria; p__Firmicutes; c__Clostridia; o__Oscillospirales; f__Ruminococcaceae; g__Ruminococcus; s__uncultured_bacterium	1.0
20100f1063c183936cb3eec16a18f01c	0	False	d__Bacteria; p__Firmicutes; c__Negativicutes; o__Veillonellales-Selenomonadales; f__Veillonellaceae; g__Megasphaera; s__Megasphaera_elsdenii	1.0
832be0df550fd8da608e263beca81466	0	False	d__Bacteria; p__Firmicutes; c__Bacilli; o__Erysipelotrichales; f__Erysipelatoclostridiaceae; g__Erysipelotrichaceae_UCG-003	1.0
8af2475cb181acb377647b321c12851e	0	False	d__Bacteria; p__Firmicutes; c__Bacilli; o__Lactobacillales; f__Lactobacillaceae; g__Lactobacillus; s__Lactobacillus_reuteri	0.7
7b15b9e664efe5d1d7326e735b30bc1d	0	False	d__Bacteria; p__Cyanobacteria; c__Vampirivibrionia; o__Gastranaerophilales; f__Gastranaerophilales; g__Gastranaerophilales; s__uncultured_bacterium	0.7
ffeae2fdd8c2c7b1d1c1c1d7a33944c8	0	False	d__Bacteria; p__Firmicutes; c__Clostridia; o__Lachnospirales; f__Lachnospiraceae; g__Lachnoclostridium; s__[Clostridium]_bolteae	0.6
0b03b2cc8600842e3ebcc52d838b3c4b	0	False	d__Bacteria; p__Firmicutes; c__Bacilli; o__Lactobacillales; f__Streptococcaceae; g__Streptococcus; s__Streptococcus_salivarius	0.8
a83b7248da24535968bbbefb1b6ebdf7	0	False	d__Bacteria; p__Firmicutes; c__Clostridia; o__Oscillospirales; f__Oscillospiraceae; g__UCG-003	1.0
84a60f017aa63485c0561110fcba8030	0	False	d__Bacteria; p__Firmicutes; c__Bacilli; o__Lactobacillales; f__Streptococcaceae; g__Streptococcus; s__Streptococcus_salivarius	0.8
bf2aa7a29e1a21ccb77704d42f17203a	0	False	d__Bacteria; p__Fusobacteriota; c__Fusobacteriia; o__Fusobacteriales; f__Fusobacteriaceae; g__Fusobacterium	1.0
b4a655920d2614903b25161683947e18	0	False	d__Bacteria; p__Firmicutes; c__Bacilli; o__Erysipelotrichales; f__Erysipelatoclostridiaceae; g__Erysipelotrichaceae_UCG-003; s__uncultured_bacterium	0.6
c48dac50b4b54fdee2ae3b138093bc68	0	False	d__Bacteria; p__Firmicutes; c__Clostridia; o__Oscillospirales; f__Ruminococcaceae; g__Faecalibacterium	1.0
90173319157601e663586f5892979a88	0	False	d__Bacteria; p__Bacteroidota; c__Bacteroidia; o__Bacteroidales; f__Rikenellaceae; g__Alistipes	1.0
6bc6521089c8c2cb883bae25cbb1e2bc	0	False	d__Bacteria; p__Firmicutes; c__Clostridia; o__Oscillospirales; f__[Eubacterium]_coprostanoligenes_group; g__[Eubacterium]_coprostanoligenes_group; s__uncultured_bacterium	0.8
572380f9d2487d52f56a51efeeab48a5	0	False	d__Bacteria; p__Firmicutes; c__Clostridia; o__Lachnospirales; f__Lachnospiraceae; g__Lachnospiraceae_FCS020_group; s__uncultured_bacterium	0.8
c920e4f703916edde7bbca101af59a00	0	False	d__Bacteria; p__Bacteroidota; c__Bacteroidia; o__Bacteroidales; f__Rikenellaceae; g__Alistipes	1.0
0a088091fa7dc8e6a3b88ed13b8785e7	0	False	d__Bacteria; p__Firmicutes; c__Clostridia; o__Peptostreptococcales-Tissierellales; f__Peptostreptococcaceae; g__Terrisporobacter; s__uncultured_bacterium	0.9
e290ec6c330a26023f861901366d1d01	0	False	d__Bacteria; p__Bacteroidota; c__Bacteroidia; o__Bacteroidales; f__Bacteroidaceae; g__Bacteroides; s__uncultured_bacterium	0.8
6519f334651b467e38cf53be8fc0b498	0	False	d__Bacteria; p__Bacteroidota; c__Bacteroidia; o__Bacteroidales; f__Tannerellaceae; g__Parabacteroides	0.9
47b5e9abe66a95ecd624d03e16acdfe5	0	False	d__Bacteria; p__Firmicutes; c__Clostridia; o__Lachnospirales; f__Lachnospiraceae; g__Lachnospiraceae_NK4A136_group; s__uncultured_bacterium	1.0
4ed458c23462d5435442e4e2a1f2b260	0	False	d__Bacteria; p__Firmicutes; c__Clostridia; o__Peptostreptococcales-Tissierellales; f__Anaerovoracaceae; g__[Eubacterium]_brachy_group; s__uncultured_bacterium	0.9
26207a351efe75cbfa09a30200441fb0	0	False	d__Bacteria; p__Firmicutes; c__Clostridia; o__Oscillospirales; f__Oscillospiraceae; g__UCG-002; s__uncultured_bacterium	1.0
106e6b17a6a866f059edb6046bdfd2ed	0	False	d__Bacteria; p__Firmicutes; c__Bacilli; o__Lactobacillales; f__Enterococcaceae; g__Enterococcus; s__Enterococcus_faecium	1.0
43f2e18a06d6ac494ad992859bd57974	0	False	d__Bacteria; p__Bacteroidota; c__Bacteroidia; o__Bacteroidales; f__Prevotellaceae; g__Alloprevotella; s__uncultured_bacterium	0.9
dc8065ae60817675771bc3ebc93e5e52	0	False	d__Bacteria; p__Firmicutes; c__Clostridia; o__Oscillospirales; f__[Eubacterium]_coprostanoligenes_group; g__[Eubacterium]_coprostanoligenes_group; s__uncultured_bacterium	1.0
dbd103ff4dc4fcb2d653ad1dc7bce95a	0	False	d__Bacteria; p__Firmicutes; c__Clostridia; o__Lachnospirales; f__Lachnospiraceae; g__Lachnoclostridium; s__uncultured_bacterium	0.6
ce3b7cd8e8cc1760add3d7ea6161c010	0	False	d__Bacteria; p__Bacteroidota; c__Bacteroidia; o__Bacteroidales; f__Tannerellaceae; g__Parabacteroides	0.9
76fc4961fc0d03b98855a86cb4a76a05	0	False	d__Bacteria; p__Firmicutes; c__Clostridia; o__Lachnospirales; f__Lachnospiraceae; g__[Eubacterium]_eligens_group; s__uncultured_bacterium	1.0
3fe40987f0704be7e33d50457f27c21e	0	False	d__Bacteria; p__Firmicutes; c__Bacilli; o__Lactobacillales; f__Leuconostocaceae; g__Weissella; s__Weissella_koreensis	1.0
b21f1d05f803abeaaefd9378c10a4d2d	0	False	d__Bacteria; p__Bacteroidota; c__Bacteroidia; o__Bacteroidales; f__Bacteroidaceae; g__Bacteroides; s__Bacteroides_cellulosilyticus	0.6
e9b89b6976abf35f559613014d1d1dd3	0	False	d__Bacteria; p__Bacteroidota; c__Bacteroidia; o__Bacteroidales; f__uncultured; g__uncultured; s__uncultured_bacterium	0.667
41c9da47192f071d961ac5b9174d6d4d	0	False	d__Bacteria; p__Firmicutes; c__Clostridia; o__Oscillospirales; f__Oscillospiraceae; g__Colidextribacter; s__uncultured_bacterium	0.6
e6d12094a1d0c50c73be452ff4a3b75f	0	False	d__Bacteria; p__Firmicutes; c__Clostridia; o__Lachnospirales; f__Lachnospiraceae; g__Roseburia; s__uncultured_bacterium	0.8
4339bf4c3a75b91c5cdc3ef4b5450c71	0	False	d__Bacteria; p__Firmicutes; c__Clostridia; o__Lachnospirales; f__Lachnospiraceae; g__uncultured	0.8
6ff16c53b14f4e4259733d82dc4a1286	0	False	d__Bacteria; p__Firmicutes; c__Clostridia; o__Oscillospirales; f__Ruminococcaceae; g__Incertae_Sedis; s__uncultured_bacterium	0.6
9053fc5c937eee9f16eb3c8fbf3f3039	0	False	d__Bacteria; p__Bacteroidota; c__Bacteroidia; o__Bacteroidales; f__Rikenellaceae; g__Rikenellaceae_RC9_gut_group; s__uncultured_bacterium	1.0
a767eeb92167d7a0d8b23d83dd2902cc	0	False	d__Bacteria; p__Actinobacteriota; c__Coriobacteriia; o__Coriobacteriales; f__Coriobacteriaceae; g__Collinsella	1.0
2783d18e28ee998d5a228d9f2ee99c6c	0	False	d__Bacteria; p__Firmicutes; c__Clostridia; o__Lachnospirales; f__Lachnospiraceae; g__Roseburia; s__uncultured_bacterium	0.8
0b311fd10d1a4071f1c20a67adaa55ac	0	False	d__Bacteria; p__Bacteroidota; c__Bacteroidia; o__Bacteroidales; f__Prevotellaceae; g__Prevotella; s__uncultured_bacterium	1.0
fb7084a65e0ffd36a2e5d4e771b99fba	0	False	d__Bacteria; p__Firmicutes; c__Clostridia; o__Oscillospirales; f__Oscillospiraceae; g__UCG-003; s__uncultured_bacterium	0.8
86988eac87e3419878b290ea179ad612	0	False	d__Bacteria; p__Firmicutes; c__Clostridia; o__Lachnospirales; f__Lachnospiraceae; g__Agathobacter	0.7
cdc73b03e8ed975c0162abc32f9fc1d7	0	False	d__Bacteria; p__Firmicutes; c__Bacilli; o__Lactobacillales; f__Streptococcaceae; g__Streptococcus; s__Streptococcus_sanguinis	0.9
b6ca57b9cf5e2d88922807a1cc3e237b	0	False	d__Bacteria; p__Firmicutes; c__Clostridia; o__Oscillospirales; f__Oscillospiraceae; g__NK4A214_group; s__uncultured_bacterium	1.0
47d283a3f15b9959df96af278d4c35d4	0	False	d__Bacteria; p__Firmicutes; c__Clostridia; o__Lachnospirales; f__Lachnospiraceae; g__Roseburia; s__uncultured_bacterium	0.7
154741a52d5412be964f4499c769204e	0	False	d__Bacteria; p__Bacteroidota; c__Bacteroidia; o__Bacteroidales; f__Prevotellaceae; g__Prevotella; s__uncultured_bacterium	0.9
76428f97f180a50298be912bc2fc3cf8	0	False	d__Bacteria; p__Firmicutes; c__Clostridia; o__Lachnospirales; f__Lachnospiraceae; g__Blautia; s__uncultured_bacterium	0.7
fbe883fdf1f67e8e841ac27e36c96f12	0	False	d__Bacteria; p__Firmicutes; c__Negativicutes; o__Veillonellales-Selenomonadales; f__Veillonellaceae; g__Megasphaera; s__Megasphaera_elsdenii	1.0
4b7246f8dded0e867e257300173b6dc6	0	False	d__Bacteria; p__Bacteroidota; c__Bacteroidia; o__Bacteroidales; f__Bacteroidaceae; g__Bacteroides; s__Bacteroides_cellulosilyticus	0.6
99015187ca4e58613453a32fd0d85a90	0	False	d__Bacteria; p__Bacteroidota; c__Bacteroidia; o__Bacteroidales; f__Rikenellaceae; g__Alistipes	1.0
4ec7b9e161adf7c121bdb077fe0f619e	0	False	d__Bacteria; p__Firmicutes; c__Clostridia; o__Lachnospirales; f__Lachnospiraceae; g__Blautia; s__uncultured_bacterium	0.8
b2bc680aa125b5f88c6f7c88958a822c	0	False	d__Bacteria; p__Firmicutes; c__Clostridia; o__Oscillospirales; f__Ruminococcaceae; g__Ruminococcus; s__uncultured_bacterium	0.9
c455f0f0c5260373d8c3d2b83c28c5cf	0	False	d__Bacteria; p__Firmicutes; c__Clostridia; o__Oscillospirales; f__Oscillospiraceae; g__Oscillibacter; s__uncultured_bacterium	0.6
37cc6ffc4eee0e6b590e230369750206	0	False	d__Bacteria; p__Proteobacteria; c__Gammaproteobacteria; o__Burkholderiales; f__Sutterellaceae; g__Sutterella	1.0
52225c8652c7368ee9098dffb1b12fa9	0	False	d__Bacteria; p__Firmicutes; c__Bacilli; o__Lactobacillales; f__Lactobacillaceae; g__Lactobacillus; s__Lactobacillus_reuteri	0.7
134c1378a4c31801b03ca796efe937cb	0	False	d__Bacteria; p__Firmicutes; c__Clostridia; o__Lachnospirales; f__Lachnospiraceae; g__Epulopiscium; s__uncultured_bacterium	1.0
054cdf3f9e980ce162b6c1cb211c2365	0	False	d__Bacteria; p__Bacteroidota; c__Bacteroidia; o__Bacteroidales; f__Barnesiellaceae; g__Barnesiella; s__uncultured_bacterium	0.7
e04e57e359dda6bdf98a7acb1e0a0a75	0	False	d__Bacteria; p__Bacteroidota; c__Bacteroidia; o__Bacteroidales; f__Prevotellaceae; g__Prevotella; s__uncultured_bacterium	0.9
41c70207c4ea19fd2e7072afe99e53f1	0	False	d__Bacteria; p__Fusobacteriota; c__Fusobacteriia; o__Fusobacteriales; f__Fusobacteriaceae; g__Fusobacterium	1.0
cd4ea5391e3b68023234339ab3fee12e	0	False	d__Bacteria; p__Bacteroidota; c__Bacteroidia; o__Bacteroidales; f__Prevotellaceae; g__Prevotella; s__uncultured_bacterium	1.0
a723fb054b165eb504b8367ea6703efd	0	False	d__Bacteria; p__Firmicutes; c__Clostridia; o__Lachnospirales; f__Lachnospiraceae; g__Lachnospiraceae_UCG-001; s__uncultured_bacterium	0.8
77402808c93d6e95a2504919e1073953	0	False	d__Bacteria; p__Firmicutes; c__Clostridia; o__Lachnospirales; f__Lachnospiraceae; g__Lachnoclostridium; s__uncultured_bacterium	0.7
ac617a43b29da98453b766ea4abbd44a	0	False	d__Bacteria; p__Firmicutes; c__Clostridia; o__Peptostreptococcales-Tissierellales; f__Anaerovoracaceae; g__Family_XIII_AD3011_group; s__uncultured_bacterium	0.8
c7a6f5b7c427ee5bc8f42f34e7e50621	0	False	d__Bacteria; p__Proteobacteria; c__Gammaproteobacteria; o__Pasteurellales; f__Pasteurellaceae; g__Aggregatibacter; s__uncultured_bacterium	0.8
c0358454295af1d33f469177e5eaa741	0	False	d__Bacteria; p__Firmicutes; c__Clostridia; o__Oscillospirales; f__Oscillospiraceae; g__NK4A214_group; s__uncultured_bacterium	0.7
6ca0f56758f16c793d35499f8331aa81	0	False	d__Bacteria; p__Firmicutes; c__Clostridia; o__Lachnospirales; f__Lachnospiraceae; g__Lachnoclostridium; s__uncultured_bacterium	0.7
5a5ecf298bd4bf86778d911f68c25f76	0	False	d__Bacteria; p__Bacteroidota; c__Bacteroidia; o__Bacteroidales; f__Prevotellaceae; g__Alloprevotella; s__uncultured_bacterium	1.0
0ca6a9c5b1b03d6c643666062c82b499	0	False	d__Bacteria; p__Firmicutes; c__Clostridia; o__Oscillospirales; f__[Eubacterium]_coprostanoligenes_group; g__[Eubacterium]_coprostanoligenes_group; s__uncultured_bacterium	1.0
635b4155a590bb5baff6c748633871d6	0	False	d__Bacteria; p__Desulfobacterota; c__Desulfovibrionia; o__Desulfovibrionales; f__Desulfovibrionaceae; g__Desulfovibrio	1.0
f118a0b8048989ab9274f818824ac769	0	False	d__Bacteria; p__Firmicutes; c__Clostridia; o__Lachnospirales; f__Lachnospiraceae; g__Agathobacter	0.7
c06e01a322f8efc02a4166a995d986fd	0	False	d__Bacteria; p__Firmicutes; c__Clostridia; o__Lachnospirales; f__Lachnospiraceae; g__uncultured	0.7
7e3e371ef86710a1d15916b6ac9b8bab	0	False	d__Bacteria; p__Firmicutes; c__Clostridia; o__Lachnospirales; f__Lachnospiraceae; g__[Eubacterium]_eligens_group	0.7
fbf3e59932bc84162bad6bd37d4ec102	0	False	d__Bacteria; p__Firmicutes; c__Negativicutes; o__Veillonellales-Selenomonadales; f__Veillonellaceae; g__Allisonella; s__uncultured_bacterium	0.6
dc5a690df710929b47291ac384abdaa4	0	False	d__Bacteria; p__Firmicutes; c__Clostridia; o__Lachnospirales; f__Lachnospiraceae; g__Roseburia; s__uncultured_bacterium	0.7
c881fee5d2b97b8f002236258db98368	0	False	d__Bacteria; p__Firmicutes; c__Clostridia; o__Clostridia_UCG-014; f__Clostridia_UCG-014; g__Clostridia_UCG-014; s__uncultured_bacterium	0.9
c04e63832bcfb7d7374a19b7d56cc3b3	0	False	d__Bacteria; p__Firmicutes; c__Clostridia; o__Lachnospirales; f__Lachnospiraceae; g__Lachnospiraceae_NK4A136_group; s__uncultured_bacterium	0.8
b3f3edb21bff6589970e87ba5a221f32	0	False	d__Bacteria; p__Bacteroidota; c__Bacteroidia; o__Bacteroidales; f__Marinifilaceae; g__Butyricimonas	1.0
1567dbcae818cc3449bdce6f671e225d	0	False	d__Bacteria; p__Bacteroidota; c__Bacteroidia; o__Bacteroidales; f__Tannerellaceae; g__Parabacteroides; s__uncultured_organism	0.7
9005c656c6f29c1e95e891c2bda299b1	0	False	d__Bacteria; p__Firmicutes; c__Negativicutes; o__Acidaminococcales; f__Acidaminococcaceae; g__Phascolarctobacterium; s__uncultured_bacterium	0.7
e1481236cfd7f904a27a92e7ee8aef30	0	False	d__Bacteria; p__Proteobacteria; c__Gammaproteobacteria; o__Enterobacterales; f__Enterobacteriaceae; g__Enterobacter	1.0
6d5e1003a0b9fb607ee900228cf2ceca	0	False	d__Bacteria; p__Bacteroidota; c__Bacteroidia; o__Bacteroidales; f__Rikenellaceae; g__Rikenellaceae_RC9_gut_group; s__uncultured_bacterium	1.0
e9d7b17f0c9dc44d908d37445dbc6150	0	False	d__Bacteria; p__Firmicutes; c__Negativicutes; o__Acidaminococcales; f__Acidaminococcaceae; g__Phascolarctobacterium; s__uncultured_bacterium	0.6
c46ed94439f87c29fa3882ee914bd49f	0	False	d__Bacteria; p__Actinobacteriota; c__Coriobacteriia; o__Coriobacteriales; f__Eggerthellaceae; g__Senegalimassilia; s__uncultured_bacterium	0.7
bb77888e6d0963daacdb7e1cd8b0e083	0	False	d__Bacteria; p__Firmicutes; c__Clostridia; o__Lachnospirales; f__Lachnospiraceae; g__Dorea; s__uncultured_bacterium	1.0
e9f0e15ea520e72e631d8e6eb4ed5d6c	0	False	d__Bacteria; p__Proteobacteria; c__Gammaproteobacteria; o__Pasteurellales; f__Pasteurellaceae; g__Haemophilus; s__Haemophilus_pittmaniae	0.9
e6bf8ebf020a8b25da254bd492662cee	0	False	d__Bacteria; p__Bacteroidota; c__Bacteroidia; o__Bacteroidales; f__Bacteroidaceae; g__Bacteroides; s__Bacteroides_fragilis	0.7
5c9ca1b103fd1872258e4719e35884f6	0	False	d__Bacteria; p__Firmicutes; c__Clostridia; o__Lachnospirales; f__Lachnospiraceae; g__GCA-900066575; s__uncultured_bacterium	0.7
f0195951bd2525d852c4d01dd79c99f3	0	False	d__Bacteria; p__Firmicutes; c__Clostridia; o__Lachnospirales; f__Lachnospiraceae; g__uncultured	0.9
bb8d7dea5b8d68c017a276447ec59ed0	0	False	d__Bacteria; p__Firmicutes; c__Clostridia; o__Oscillospirales; f__Ruminococcaceae; g__Ruminococcus; s__uncultured_bacterium	1.0
46b6feefeda52c0f1bd0e87ef8c430be	0	False	d__Bacteria; p__Firmicutes; c__Bacilli; o__Erysipelotrichales; f__Erysipelatoclostridiaceae; g__Erysipelotrichaceae_UCG-003	1.0
cdd2741805f6e077bb8cc9aee86ee741	0	False	d__Bacteria; p__Firmicutes; c__Clostridia; o__Lachnospirales; f__Lachnospiraceae; g__uncultured	0.9
3351b6b4b501bb5bb64917766cafec5b	0	False	d__Bacteria; p__Proteobacteria; c__Gammaproteobacteria; o__Pasteurellales; f__Pasteurellaceae; g__Actinobacillus	0.9
f67d6e431eb6e979bed010f369cfdab5	0	False	d__Bacteria; p__Firmicutes; c__Bacilli; o__Erysipelotrichales; f__Erysipelotrichaceae; g__Turicibacter; s__uncultured_bacterium	0.7
6cf9377cac40b1f3400cf708e908ae0e	0	False	d__Bacteria; p__Firmicutes; c__Clostridia; o__Monoglobales; f__Monoglobaceae; g__Monoglobus; s__uncultured_bacterium	1.0
156754a480b9919b94c70194f57dd7a5	0	False	d__Bacteria; p__Firmicutes; c__Bacilli; o__Erysipelotrichales; f__Erysipelatoclostridiaceae	1.0
f8c8e88e77b8bb019eac9e936fbb0c35	0	False	d__Bacteria; p__Proteobacteria; c__Gammaproteobacteria; o__Pasteurellales; f__Pasteurellaceae; g__Haemophilus; s__Haemophilus_pittmaniae	0.9
3b3a1094fdabd5025adb85e8d3a4c705	0	False	d__Bacteria; p__Firmicutes; c__Clostridia; o__Clostridiales; f__Clostridiaceae; g__Clostridium_sensu_stricto_1; s__Clostridium_perfringens	1.0
4464042c14c466a22354e9cbc0764f07	0	False	d__Bacteria; p__Firmicutes; c__Clostridia; o__Oscillospirales; f__Ruminococcaceae; g__Faecalibacterium	1.0
e4372269019caabbaf1c0c3b23cdb137	0	False	d__Bacteria; p__Bacteroidota; c__Bacteroidia; o__Bacteroidales; f__Bacteroidaceae; g__Bacteroides; s__uncultured_organism	0.6
7ad780a45078dfbf836a95b36c45deef	0	False	d__Bacteria; p__Fusobacteriota; c__Fusobacteriia; o__Fusobacteriales; f__Fusobacteriaceae; g__Fusobacterium; s__Fusobacterium_periodonticum	1.0
87980ccf57ef2e7dfef80e34789debba	0	False	d__Bacteria; p__Firmicutes; c__Clostridia; o__Lachnospirales; f__Lachnospiraceae; g__Lachnospiraceae_FCS020_group; s__uncultured_bacterium	0.9
d19bb6b473f6bab1803a53b2c9ea1874	0	False	d__Archaea; p__Euryarchaeota; c__Methanobacteria; o__Methanobacteriales; f__Methanobacteriaceae; g__Methanosphaera; s__uncultured_archaeon	0.6
ef1ff61fb9de5f05371fdff6503799ae	0	False	d__Bacteria; p__Proteobacteria; c__Gammaproteobacteria; o__Pasteurellales; f__Pasteurellaceae; g__Haemophilus; s__Haemophilus_influenzae	0.8
1e1059230efb80eb8a963e3869222e3f	0	False	d__Bacteria; p__Firmicutes; c__Clostridia; o__Lachnospirales; f__Lachnospiraceae; g__Sellimonas; s__uncultured_bacterium	0.8
269749945c522df7ccb071f311b38584	0	False	d__Bacteria; p__Firmicutes; c__Clostridia; o__Lachnospirales; f__Lachnospiraceae; g__[Eubacterium]_hallii_group; s__uncultured_bacterium	0.9
d95ece56860221019a2d090f4440fa33	0	False	d__Bacteria; p__Bacteroidota; c__Bacteroidia; o__Bacteroidales; f__Tannerellaceae; g__Parabacteroides; s__uncultured_organism	0.7
aa639c147c8299350fd34b82a07674fe	0	False	d__Bacteria; p__Firmicutes; c__Clostridia; o__Lachnospirales; f__Lachnospiraceae; g__Blautia; s__uncultured_bacterium	0.8
a24f8e5f754c2feed1690a9fdbb6cec2	0	False	d__Bacteria; p__Firmicutes; c__Negativicutes; o__Veillonellales-Selenomonadales; f__Selenomonadaceae; g__Megamonas; s__uncultured_bacterium	0.8
2cb69a29d92ec3db4e102439379b5de6	0	False	d__Bacteria; p__Firmicutes; c__Clostridia; o__Oscillospirales; f__Ruminococcaceae; g__Subdoligranulum; s__uncultured_bacterium	1.0
8cfca84b2f88aaf057c31d4bb0a20473	0	False	d__Bacteria; p__Firmicutes; c__Clostridia; o__Lachnospirales; f__Lachnospiraceae; g__uncultured	0.9
3edc8b4aaa3dfa2e6c4524e8771d1187	0	False	d__Bacteria; p__Firmicutes; c__Clostridia; o__Lachnospirales; f__Lachnospiraceae; g__Lachnoclostridium; s__[Clostridium]_scindens	0.6
11fb5435de9654fcd1ba0ca103e584a3	0	False	d__Bacteria; p__Firmicutes; c__Bacilli; o__Erysipelotrichales; f__Erysipelotrichaceae; g__Holdemanella; s__uncultured_bacterium	1.0
ed70988c5d12600eef5de222e2981dd0	0	False	d__Bacteria; p__Firmicutes; c__Clostridia; o__Peptostreptococcales-Tissierellales; f__Peptostreptococcaceae; g__Peptostreptococcus	1.0
523607ad15e6525286bcf13c34e5b749	0	False	d__Bacteria; p__Fusobacteriota; c__Fusobacteriia; o__Fusobacteriales; f__Fusobacteriaceae; g__Fusobacterium; s__Fusobacterium_necrophorum	1.0
399343c8eb3905300b61a459f4869693	0	False	d__Bacteria; p__Firmicutes; c__Clostridia; o__Lachnospirales; f__Lachnospiraceae; g__[Ruminococcus]_torques_group; s__uncultured_bacterium	0.6
b3a5f7acc48ec62176b5f1edc6357469	0	False	d__Bacteria; p__Bacteroidota; c__Bacteroidia; o__Bacteroidales; f__Bacteroidaceae; g__Bacteroides; s__Bacteroides_fragilis	0.7
382c54dd4f54dd67ab6e8576390a3207	0	False	d__Bacteria; p__Bacteroidota; c__Bacteroidia; o__Bacteroidales; f__Tannerellaceae; g__Parabacteroides; s__uncultured_bacterium	0.7
1f00350b985d0581962f5132abfdd34e	0	False	d__Bacteria; p__Firmicutes; c__Clostridia; o__Oscillospirales; f__Ruminococcaceae; g__Faecalibacterium; s__Faecalibacterium_prausnitzii	0.6
f991274e234ade6f6a6a2df1daeea685	0	False	d__Bacteria; p__Actinobacteriota; c__Actinobacteria; o__Bifidobacteriales; f__Bifidobacteriaceae; g__Bifidobacterium; s__Bifidobacterium_longum	1.0
690e20086081804c728c410458f2f636	0	False	d__Bacteria; p__Firmicutes; c__Clostridia; o__Lachnospirales; f__Lachnospiraceae; g__Lachnospiraceae_UCG-004; s__uncultured_bacterium	0.6
d6868f792be4899e07f28c827f08ea53	0	False	d__Bacteria; p__Bacteroidota; c__Bacteroidia; o__Bacteroidales; f__Bacteroidaceae; g__Bacteroides	1.0
e909e35b246e5a19d9f561c40059fbc7	0	False	d__Bacteria; p__Bacteroidota; c__Bacteroidia; o__Bacteroidales; f__Bacteroidaceae; g__Bacteroides	1.0
cd4a4cd5016bf44fe442b7072a21e1eb	0	False	d__Bacteria; p__Actinobacteriota; c__Actinobacteria; o__Bifidobacteriales; f__Bifidobacteriaceae; g__Bifidobacterium; s__Bifidobacterium_longum	1.0
e16db6f53c176ff3721c61e69953793b	0	False	d__Bacteria; p__Bacteroidota; c__Bacteroidia; o__Bacteroidales; f__Barnesiellaceae; g__Barnesiella	1.0
ffd728469d288c1ecdb32ff2bbc18598	0	False	d__Bacteria; p__Bacteroidota; c__Bacteroidia; o__Bacteroidales; f__Prevotellaceae; g__Paraprevotella; s__uncultured_bacterium	0.9
bfcc9b374a770efb60478d89d009a495	0	False	d__Bacteria; p__Firmicutes; c__Negativicutes; o__Veillonellales-Selenomonadales; f__Veillonellaceae; g__Veillonella	1.0
2c1e785237ef015a4cef0c871f1170cb	0	False	d__Bacteria; p__Bacteroidota; c__Bacteroidia; o__Bacteroidales; f__Prevotellaceae; g__uncultured; s__uncultured_bacterium	1.0
783d5459b7b42bd4d7a2ac1d434949b2	0	False	d__Bacteria; p__Firmicutes; c__Bacilli; o__Lactobacillales; f__Streptococcaceae; g__Streptococcus; s__uncultured_bacterium	0.6
d8e641c32d5138148ccc6d04878ade1a	0	False	d__Bacteria; p__Firmicutes; c__Negativicutes; o__Acidaminococcales; f__Acidaminococcaceae; g__Phascolarctobacterium; s__uncultured_bacterium	0.7
d6b30012321cdc4f864fd38850243ad7	0	False	d__Bacteria; p__Firmicutes; c__Clostridia; o__Lachnospirales; f__Lachnospiraceae; g__uncultured	0.7
3405d03b5b15b136693d243a7a66b554	0	False	d__Bacteria; p__Firmicutes; c__Negativicutes; o__Veillonellales-Selenomonadales; f__Veillonellaceae; g__Megasphaera	0.9
64b51f91f46151a582d06f942523841b	0	False	d__Bacteria; p__Proteobacteria; c__Gammaproteobacteria; o__Pasteurellales; f__Pasteurellaceae; g__Aggregatibacter; s__Aggregatibacter_aphrophilus	0.6
12d6b7af799ab7f3cad4b1fe01768151	0	False	d__Bacteria; p__Bacteroidota; c__Bacteroidia; o__Bacteroidales; f__Bacteroidaceae; g__Bacteroides	1.0
94de5fec33bdfa9dbf8978bffb20af1c	0	False	d__Bacteria; p__Firmicutes; c__Clostridia; o__Lachnospirales; f__Lachnospiraceae; g__Anaerostipes; s__uncultured_bacterium	0.6
cd62a915f31afc5c8ac98ad05121d277	0	False	d__Bacteria; p__Firmicutes; c__Clostridia; o__Lachnospirales; f__Lachnospiraceae; g__[Ruminococcus]_torques_group; s__uncultured_bacterium	0.7
a11cf534b1436fc250233bb6b89fea01	0	False	d__Bacteria; p__Firmicutes; c__Clostridia; o__Lachnospirales; f__Lachnospiraceae; g__Lachnospira; s__uncultured_bacterium	0.6
83934d1b5875b38964b8f42f14dfc3e4	0	False	d__Bacteria; p__Bacteroidota; c__Bacteroidia; o__Bacteroidales; f__Prevotellaceae; g__Prevotella; s__uncultured_bacterium	0.6
aa7dcac5b1f9fd1ffe2c10b9c7b62696	0	False	d__Bacteria; p__Firmicutes; c__Clostridia; o__Oscillospirales; f__Ruminococcaceae; g__Fournierella; s__uncultured_bacterium	0.7
ecbd98f14c41c8a907b436c788278292	0	False	d__Bacteria; p__Firmicutes; c__Bacilli; o__Lactobacillales; f__Lactobacillaceae; g__Lactobacillus; s__Lactobacillus_sakei	1.0
8a1545c1c452f4c8a11a62315c2d08b2	0	False	d__Bacteria; p__Firmicutes; c__Clostridia; o__Oscillospirales; f__Oscillospiraceae; g__uncultured; s__uncultured_bacterium	0.9
8a6d6b2a1699f8bba19f2579f5f5d343	0	False	d__Bacteria; p__Firmicutes; c__Negativicutes; o__Veillonellales-Selenomonadales; f__Selenomonadaceae; g__Megamonas; s__uncultured_bacterium	0.9
0f9295744170f03f0446812dee684099	0	False	d__Bacteria; p__Firmicutes; c__Clostridia; o__Lachnospirales; f__Lachnospiraceae; g__[Eubacterium]_eligens_group; s__uncultured_bacterium	0.6
9d2c8caeb6241f933ef317e09bac147a	0	False	d__Bacteria; p__Bacteroidota; c__Bacteroidia; o__Bacteroidales; f__Rikenellaceae; g__Alistipes	1.0
a624c06d123beccb0d3eefea838c2418	0	False	d__Bacteria; p__Bacteroidota; c__Bacteroidia; o__Bacteroidales; f__Bacteroidaceae; g__Bacteroides	1.0
9ebf8cc5de2162d93434ee6abfc5ddd2	0	False	d__Bacteria; p__Bacteroidota; c__Bacteroidia; o__Bacteroidales; f__Bacteroidaceae; g__Bacteroides	1.0
689b027bf96bf70e96267e8a06744200	0	False	d__Bacteria; p__Firmicutes; c__Clostridia; o__Lachnospirales; f__Lachnospiraceae; g__Blautia; s__uncultured_bacterium	0.6
4156beede859c50f0d1befcf2e07aef5	0	False	d__Bacteria; p__Bacteroidota; c__Bacteroidia; o__Bacteroidales; f__Prevotellaceae; g__uncultured; s__uncultured_bacterium	1.0
77526a97392195d48599044814ce72e2	0	False	d__Bacteria; p__Synergistota; c__Synergistia; o__Synergistales; f__Synergistaceae; g__Cloacibacillus	1.0
207ec15f3c38f496bce098093a9922e0	0	False	d__Bacteria; p__Bacteroidota; c__Bacteroidia; o__Bacteroidales; f__Prevotellaceae; g__Prevotella; s__uncultured_bacterium	0.9
9faa7bb6a5ef6a268b0fba7fe3ff2526	0	False	d__Bacteria; p__Bacteroidota; c__Bacteroidia; o__Bacteroidales; f__Tannerellaceae; g__Parabacteroides; s__uncultured_bacterium	0.7
31f232781685558bf9d62e35e8f237f9	0	False	d__Bacteria; p__Verrucomicrobiota; c__Verrucomicrobiae; o__Verrucomicrobiales; f__Akkermansiaceae; g__Akkermansia	1.0
63c21faf02f636d4db33eb0cd9578cc8	0	False	d__Bacteria; p__Firmicutes; c__Clostridia; o__Lachnospirales; f__Lachnospiraceae; g__Lachnospiraceae_NK4A136_group; s__uncultured_bacterium	0.9
9f638b4fbd1d1b4150dee598081481e1	0	False	d__Bacteria; p__Proteobacteria; c__Gammaproteobacteria; o__Burkholderiales; f__Sutterellaceae; g__Sutterella	1.0
8b9229721fdd17ae2673ab51edc2b1f2	0	False	d__Bacteria; p__Desulfobacterota; c__Desulfovibrionia; o__Desulfovibrionales; f__Desulfovibrionaceae; g__Desulfovibrio	1.0
05bed6dd819a5bcc77605fcf7fb8273a	0	False	d__Bacteria; p__Bacteroidota; c__Bacteroidia; o__Bacteroidales; f__Tannerellaceae; g__Parabacteroides	0.9
53f7cf41dcf0070225c31a067d960140	0	False	d__Bacteria; p__Firmicutes; c__Bacilli; o__Lactobacillales; f__Lactobacillaceae; g__Lactobacillus; s__Lactobacillus_salivarius	0.9
52db700c73772c0df959095403d58bbe	0	False	d__Bacteria; p__Bacteroidota; c__Bacteroidia; o__Bacteroidales; f__Tannerellaceae; g__Parabacteroides; s__uncultured_bacterium	0.8
2cfc5111a6a95a6df0258cd8f318a251	0	False	d__Bacteria; p__Proteobacteria; c__Gammaproteobacteria; o__Pasteurellales; f__Pasteurellaceae; g__Haemophilus; s__uncultured_bacterium	1.0
4cc4dd9379f5b4afc4f4397ac0baaed7	0	False	d__Bacteria; p__Firmicutes; c__Bacilli; o__Erysipelotrichales; f__Erysipelotrichaceae; g__[Clostridium]_innocuum_group	0.9
aaec55533197431266f03a36f3b59f07	0	False	d__Bacteria; p__Firmicutes; c__Clostridia; o__Lachnospirales; f__Lachnospiraceae; g__Howardella; s__uncultured_bacterium	0.7
3eda846ce814dd746d931203746b2d75	0	False	d__Bacteria; p__Bacteroidota; c__Bacteroidia; o__Bacteroidales; f__Prevotellaceae; g__Prevotella; s__uncultured_bacterium	0.9
5881bb20a5699e35017633aa882befb5	0	False	d__Bacteria; p__Firmicutes; c__Negativicutes; o__Acidaminococcales; f__Acidaminococcaceae; g__Phascolarctobacterium; s__uncultured_bacterium	0.7
841ce8956aa83f60cb4c9e03b4fa67ff	0	False	d__Bacteria; p__Bacteroidota; c__Bacteroidia; o__Bacteroidales; f__Prevotellaceae; g__Prevotella; s__uncultured_bacterium	0.7
d11768b1e8a99889d5114ad8cf0d1a2e	0	False	d__Bacteria; p__Firmicutes; c__Clostridia; o__Lachnospirales; f__Lachnospiraceae; g__CAG-56; s__uncultured_bacterium	0.7
0ae95453014aa28f7fddc12e26739d6d	0	False	d__Bacteria; p__Firmicutes; c__Clostridia; o__Oscillospirales; f__Butyricicoccaceae; g__Butyricicoccus; s__uncultured_bacterium	1.0
2e294c31958dc79650f9c41f1514bec3	0	False	d__Bacteria; p__Firmicutes; c__Negativicutes; o__Veillonellales-Selenomonadales; f__Veillonellaceae; g__Dialister; s__uncultured_bacterium	0.9
c7444b1d9b200fdeb922693aab29deb4	0	False	d__Bacteria; p__Firmicutes; c__Clostridia; o__Oscillospirales; f__Ruminococcaceae; g__Ruminococcus; s__uncultured_bacterium	1.0
91dc84ebadabc9153b19cf300cbfa59b	0	False	d__Archaea; p__Euryarchaeota; c__Methanobacteria; o__Methanobacteriales; f__Methanobacteriaceae; g__Methanobrevibacter	1.0
c47339f40058eab7e13a30e471290ca1	0	False	d__Bacteria; p__Bacteroidota; c__Bacteroidia; o__Bacteroidales; f__Bacteroidaceae; g__Bacteroides	1.0
fcf9f2a64a65f067d37613330b00d4a6	0	False	d__Bacteria; p__Bacteroidota; c__Bacteroidia; o__Bacteroidales; f__Bacteroidaceae; g__Bacteroides; s__uncultured_bacterium	0.8
ff5b3aec260c9a4e28e1a4b904c0585d	0	False	d__Bacteria; p__Proteobacteria; c__Gammaproteobacteria; o__Enterobacterales; f__Morganellaceae; g__Morganella; s__Morganella_morganii	1.0
8a6ac5e505b66e73c70049c2f4ba9baf	0	False	d__Bacteria; p__Bacteroidota; c__Bacteroidia; o__Bacteroidales; f__Bacteroidaceae; g__Bacteroides	1.0
7cdb1d799096bee25d724028668266b7	0	False	d__Bacteria; p__Bacteroidota; c__Bacteroidia; o__Bacteroidales; f__Bacteroidaceae; g__Bacteroides; s__uncultured_bacterium	0.7
171bc9102421e3e32fdbc07420dedba6	0	False	d__Bacteria; p__Firmicutes; c__Clostridia; o__Oscillospirales; f__Ruminococcaceae; g__Faecalibacterium; s__uncultured_bacterium	0.9
700adbdb1dda39870feef609da8b71ec	0	False	d__Bacteria; p__Firmicutes; c__Negativicutes; o__Veillonellales-Selenomonadales; f__Veillonellaceae; g__Megasphaera; s__Megasphaera_elsdenii	1.0
5fd917d377f2da7e74508c24b5c016f1	0	False	d__Bacteria; p__Firmicutes; c__Bacilli; o__Staphylococcales; f__Gemellaceae; g__Gemella; s__uncultured_bacterium	0.6
ffa2d3d4e030a8f45850c379c0d196f5	0	False	d__Bacteria; p__Actinobacteriota; c__Actinobacteria; o__Bifidobacteriales; f__Bifidobacteriaceae; g__Bifidobacterium; s__Bifidobacterium_adolescentis	0.8
2362641b1f4fdcf62cd4d6534dac54fc	0	False	d__Bacteria; p__Firmicutes; c__Clostridia; o__Lachnospirales; f__Lachnospiraceae; g__Hungatella; s__uncultured_bacterium	0.7
c0be08c84b1ef840cd00b745c05db454	0	False	d__Bacteria; p__Bacteroidota; c__Bacteroidia; o__Bacteroidales; f__Prevotellaceae; g__Prevotella; s__uncultured_bacterium	0.6
7d5de826964ebfce2ada5d2acb979da4	0	False	d__Bacteria; p__Firmicutes; c__Clostridia; o__Lachnospirales; f__Lachnospiraceae; g__Blautia; s__uncultured_bacterium	0.7
172304504b37c45d5cef33e9eeb15f4f	0	False	d__Bacteria; p__Firmicutes; c__Clostridia; o__Lachnospirales; f__Lachnospiraceae; g__Dorea; s__Dorea_formicigenerans	0.6
a448970de11b09c53971e6ae439c3e85	0	False	d__Bacteria; p__Firmicutes; c__Clostridia; o__Oscillospirales; f__[Eubacterium]_coprostanoligenes_group; g__[Eubacterium]_coprostanoligenes_group; s__uncultured_bacterium	0.9
b05d64ba5dcf5b7bcbf88c70d20fbfe4	0	False	d__Bacteria; p__Firmicutes; c__Clostridia; o__Lachnospirales; f__Lachnospiraceae	1.0
bc5fd58a95af64ba214a897ed9d8b267	0	False	d__Bacteria; p__Verrucomicrobiota; c__Verrucomicrobiae; o__Verrucomicrobiales; f__Akkermansiaceae; g__Akkermansia; s__uncultured_bacterium	1.0
d157ade9303477ab0b43e69c842bf44d	0	False	d__Bacteria; p__Firmicutes; c__Clostridia; o__Lachnospirales; f__Lachnospiraceae; g__Lachnospiraceae_NK4A136_group; s__uncultured_bacterium	0.8
c88244695c3d8574a021cf4920a288f1	0	False	d__Bacteria; p__Firmicutes; c__Bacilli; o__Erysipelotrichales; f__Erysipelotrichaceae; g__Holdemanella; s__uncultured_bacterium	0.9
d7f53c17c4f6c7810e4f63234cf9d064	0	False	d__Bacteria; p__Proteobacteria; c__Gammaproteobacteria; o__Burkholderiales; f__Sutterellaceae; g__Sutterella; s__uncultured_bacterium	0.6
8ab211ae1a2761d07dd16c47b5625e80	0	False	d__Bacteria; p__Firmicutes; c__Clostridia; o__Lachnospirales; f__Lachnospiraceae; g__Lachnoclostridium; s__uncultured_bacterium	0.9
dcfaf16bd8d89f482fe605e35a781926	0	False	d__Bacteria; p__Bacteroidota; c__Bacteroidia; o__Bacteroidales; f__Rikenellaceae; g__Alistipes	1.0
c01510bff7b77875a8b1558ee4d6530d	0	False	d__Bacteria; p__Firmicutes; c__Clostridia; o__Lachnospirales; f__Lachnospiraceae; g__[Ruminococcus]_gauvreauii_group; s__uncultured_bacterium	0.9
d1a82fb24aa9a753914f6941694ac4b0	0	False	d__Bacteria; p__Bacteroidota; c__Bacteroidia; o__Bacteroidales; f__Prevotellaceae; g__Prevotella; s__uncultured_bacterium	0.6
a64d400e303e7651236649384a8764cc	0	False	d__Bacteria; p__Firmicutes; c__Clostridia; o__Lachnospirales; f__Lachnospiraceae; g__Roseburia; s__uncultured_bacterium	0.6
2737e2b0d400b0c6546cc18963876abe	0	False	d__Bacteria; p__Firmicutes; c__Clostridia; o__Lachnospirales; f__Lachnospiraceae; g__Anaerostipes; s__uncultured_bacterium	0.7
b48e9583ce12b71b57679c1748ed7770	0	False	d__Bacteria; p__Bacteroidota; c__Bacteroidia; o__Bacteroidales; f__Prevotellaceae; g__Prevotella; s__uncultured_bacterium	0.6
c257458ad35f300807c4e8efd190709e	0	False	d__Bacteria; p__Firmicutes; c__Clostridia; o__Lachnospirales; f__Lachnospiraceae; g__Lachnospiraceae_UCG-004	0.8
31f65065981685d0756db935693187ae	0	False	d__Bacteria; p__Firmicutes; c__Clostridia; o__Oscillospirales; f__[Eubacterium]_coprostanoligenes_group; g__[Eubacterium]_coprostanoligenes_group; s__uncultured_bacterium	0.9
46db1d3eac3e5b65fa5a70696085f90f	0	False	d__Bacteria; p__Firmicutes; c__Clostridia; o__Oscillospirales; f__Ruminococcaceae; g__Subdoligranulum; s__uncultured_bacterium	0.8
50ccf0e83dcd2dbf257275e136f22840	0	False	d__Bacteria; p__Bacteroidota; c__Bacteroidia; o__Bacteroidales; f__Prevotellaceae; g__Alloprevotella; s__uncultured_bacterium	1.0
787733e7dc3830ba35a4fbd4fbcc950c	0	False	d__Bacteria; p__Firmicutes; c__Clostridia; o__Oscillospirales; f__Ruminococcaceae; g__Faecalibacterium; s__uncultured_bacterium	0.8
1d2c73917fa75e19031e4371ada743ab	0	False	d__Bacteria; p__Bacteroidota; c__Bacteroidia; o__Bacteroidales; f__Bacteroidaceae; g__Bacteroides; s__uncultured_bacterium	0.8
668f606e44b668b5ce31ba64a3425db6	0	False	d__Bacteria; p__Firmicutes; c__Negativicutes; o__Acidaminococcales; f__Acidaminococcaceae; g__Phascolarctobacterium; s__uncultured_bacterium	0.8
e9d92991614afbe68bfbf52009970b6a	0	False	d__Bacteria; p__Firmicutes; c__Bacilli; o__Erysipelotrichales; f__Erysipelatoclostridiaceae	1.0
8b87ff43ed6b12ad68ff2e2e31818c21	0	False	d__Bacteria; p__Firmicutes; c__Negativicutes; o__Veillonellales-Selenomonadales; f__Veillonellaceae; g__Dialister; s__uncultured_bacterium	1.0
782987433ba248aec11fabf755d65967	0	False	d__Bacteria; p__Firmicutes; c__Clostridia; o__Lachnospirales; f__Lachnospiraceae; g__uncultured; s__uncultured_bacterium	0.9
785314c917c979b50a09201d82aeba41	0	False	d__Bacteria; p__Bacteroidota; c__Bacteroidia; o__Bacteroidales; f__Prevotellaceae; g__Prevotella; s__uncultured_bacterium	1.0
ad83c0dd1210b331571894b1e0358449	0	False	d__Bacteria; p__Firmicutes; c__Bacilli; o__Lactobacillales; f__Streptococcaceae; g__Streptococcus	1.0
6b93870eab8dbc35ab0f969e89ec0df4	0	False	d__Bacteria; p__Bacteroidota; c__Bacteroidia; o__Bacteroidales; f__Tannerellaceae; g__Parabacteroides; s__uncultured_bacterium	0.7
34f2907e8352301d1440d98eed929105	0	False	d__Bacteria; p__Firmicutes; c__Clostridia; o__Lachnospirales; f__Lachnospiraceae; g__Blautia; s__uncultured_bacterium	0.9
887a09354d908590ad7bb6d121043e8a	0	False	d__Bacteria; p__Firmicutes; c__Negativicutes; o__Veillonellales-Selenomonadales; f__Veillonellaceae; g__Veillonella	1.0
8cf144d1a2cb9b742b5e647ae3937887	0	False	d__Bacteria; p__Firmicutes; c__Clostridia; o__Oscillospirales; f__[Eubacterium]_coprostanoligenes_group; g__[Eubacterium]_coprostanoligenes_group; s__uncultured_organism	0.6
3091c685ba5177ba7ef33a5b145444a8	0	False	d__Bacteria; p__Firmicutes; c__Bacilli; o__Erysipelotrichales; f__Erysipelotrichaceae; g__Holdemanella; s__uncultured_bacterium	0.9
57eeb04cb1ecb9f14e8a9222a1b3d986	0	False	d__Bacteria; p__Firmicutes; c__Clostridia; o__Oscillospirales; f__Ruminococcaceae; g__Ruminococcus; s__uncultured_bacterium	0.8
d326b0f5a593fefc9ae9cb01b92dca69	0	False	d__Bacteria; p__Firmicutes; c__Clostridia; o__Lachnospirales; f__Lachnospiraceae; g__uncultured; s__uncultured_bacterium	0.6
69fb42988e0a038de312b59fc31ed5ea	0	False	d__Bacteria; p__Firmicutes; c__Clostridia; o__Oscillospirales; f__Ruminococcaceae; g__Faecalibacterium; s__uncultured_bacterium	0.8
66984181d15d18f96effbd49dca72d76	0	False	d__Bacteria; p__Bacteroidota; c__Bacteroidia; o__Bacteroidales; f__Tannerellaceae; g__Parabacteroides	1.0
16abbdda1a2783a547c99db42061b8e4	0	False	d__Bacteria; p__Firmicutes; c__Clostridia; o__Lachnospirales; f__Lachnospiraceae; g__Lachnospiraceae_NK4A136_group; s__uncultured_bacterium	1.0
b5d49db9d9ccb60a34050267bfcc36fe	0	False	d__Bacteria; p__Firmicutes; c__Bacilli; o__Lactobacillales; f__Carnobacteriaceae; g__Granulicatella	1.0
d4535a084421c28e38562926571e17bf	0	False	d__Bacteria; p__Firmicutes; c__Clostridia; o__Lachnospirales; f__Lachnospiraceae; g__Lachnospira; s__uncultured_bacterium	0.7
f21fcb443a357dfb49dbe37bc3f81c9a	0	False	d__Bacteria; p__Firmicutes; c__Clostridia; o__Lachnospirales; f__Lachnospiraceae; g__Blautia; s__uncultured_bacterium	0.6
e57c3e84b410a0373fc4bda2b20de62c	0	False	d__Bacteria; p__Firmicutes; c__Clostridia; o__Lachnospirales; f__Lachnospiraceae; g__[Eubacterium]_hallii_group; s__uncultured_bacterium	1.0
1b1f1850c1613c9a2b6281ff1cf3512b	0	False	d__Bacteria; p__Bacteroidota; c__Bacteroidia; o__Bacteroidales; f__Bacteroidaceae; g__Bacteroides; s__Bacteroides_cellulosilyticus	0.6
62effc65a8e343041427a02532f079a4	0	False	d__Bacteria; p__Firmicutes; c__Negativicutes; o__Veillonellales-Selenomonadales; f__Veillonellaceae; g__Megasphaera; s__Megasphaera_hexanoica	0.6
728accba6ebfa4fbb0bcbb8395eb2c67	0	False	d__Bacteria; p__Bacteroidota; c__Bacteroidia; o__Bacteroidales; f__Tannerellaceae; g__Parabacteroides; s__uncultured_bacterium	0.7
57aefa5d0a0056772a9e3e71c4ddec1b	0	False	d__Bacteria; p__Firmicutes; c__Bacilli; o__Lactobacillales; f__Lactobacillaceae; g__Lactobacillus; s__Lactobacillus_fermentum	1.0
02e0e7cf8aa8041880c82e640ed3c14e	0	False	d__Bacteria; p__Bacteroidota; c__Bacteroidia; o__Bacteroidales; f__Marinifilaceae; g__Odoribacter; s__Odoribacter_splanchnicus	0.9
5c72d15d64a894030799d518b8ceed95	0	False	d__Bacteria; p__Bacteroidota; c__Bacteroidia; o__Bacteroidales; f__Prevotellaceae; g__Prevotella; s__uncultured_bacterium	0.6
6425d704a1fc2c7eaf8ba683993a95d5	0	False	d__Bacteria; p__Firmicutes; c__Clostridia; o__Lachnospirales; f__Lachnospiraceae; g__[Eubacterium]_eligens_group	0.8
f11e4b249d3509fda9217d682ead7a7d	0	False	d__Bacteria; p__Desulfobacterota; c__Desulfovibrionia; o__Desulfovibrionales; f__Desulfovibrionaceae; g__Desulfovibrio; s__uncultured_bacterium	0.6
82c71062d5997841aeba831a06aea111	0	False	d__Bacteria; p__Firmicutes; c__Clostridia; o__Lachnospirales; f__Lachnospiraceae	1.0
6b670d2dc6b808c28f4871e987547009	0	False	d__Bacteria; p__Bacteroidota; c__Bacteroidia; o__Bacteroidales; f__Prevotellaceae; g__Prevotella; s__uncultured_bacterium	0.9
51c88352cb0925e74ba66a7dd7cde265	0	False	d__Bacteria; p__Firmicutes; c__Bacilli; o__Erysipelotrichales; f__Erysipelatoclostridiaceae; g__Catenibacterium; s__uncultured_bacterium	1.0
4b9f6065c3add3f819ccbae6ad25e7ec	0	False	d__Bacteria; p__Bacteroidota; c__Bacteroidia; o__Bacteroidales; f__Prevotellaceae; g__Prevotella; s__uncultured_bacterium	0.9
a43e166615cbe7b4ca69951d75475453	0	False	d__Bacteria; p__Bacteroidota; c__Bacteroidia; o__Bacteroidales; f__Prevotellaceae; g__Prevotella; s__uncultured_bacterium	0.9
2b98073a84f1e483cca1c267e4df7b54	0	False	d__Bacteria; p__Bacteroidota; c__Bacteroidia; o__Bacteroidales; f__Prevotellaceae; g__Alloprevotella; s__uncultured_bacterium	1.0
c106ca8cc1b8637c31aa4f5f074c819d	0	False	d__Bacteria; p__Firmicutes; c__Clostridia; o__Lachnospirales; f__Lachnospiraceae; g__Lachnoclostridium	0.9
2c04370f01b782754cc821b71cab8ca8	0	False	d__Bacteria; p__Fusobacteriota; c__Fusobacteriia; o__Fusobacteriales; f__Fusobacteriaceae; g__Fusobacterium; s__Fusobacterium_ulcerans	0.7
4cbc3567a6fdadc7872671c3502cbe92	0	False	d__Bacteria; p__Firmicutes; c__Clostridia; o__Peptostreptococcales-Tissierellales; f__Peptostreptococcales-Tissierellales; g__Parvimonas; s__uncultured_bacterium	0.9
d0d71323b9dd35b87d972d7332c7828d	0	False	d__Bacteria; p__Firmicutes; c__Clostridia; o__Oscillospirales; f__Ruminococcaceae; g__Ruminococcus; s__uncultured_bacterium	0.8
99426890eaf318facaf4b77a7f83a31b	0	False	d__Bacteria; p__Bacteroidota; c__Bacteroidia; o__Bacteroidales; f__Bacteroidaceae; g__Bacteroides; s__Bacteroides_vulgatus	0.9
e21fc8d6fb72d301fc9c60d5767cce74	0	False	d__Bacteria; p__Desulfobacterota; c__Desulfovibrionia; o__Desulfovibrionales; f__Desulfovibrionaceae; g__Bilophila; s__uncultured_bacterium	0.7
fadd383dcdfb88f5dc48f7038592a729	0	False	d__Bacteria; p__Firmicutes; c__Negativicutes; o__Veillonellales-Selenomonadales; f__Selenomonadaceae; g__Megamonas; s__uncultured_bacterium	0.8
b672e098b5dce6c3da177e9e72a17415	0	False	d__Bacteria; p__Firmicutes; c__Negativicutes; o__Veillonellales-Selenomonadales; f__Veillonellaceae; g__Dialister; s__uncultured_bacterium	1.0
e8fdd4a8a7b6236f26db6551014d344a	0	False	d__Bacteria; p__Firmicutes; c__Clostridia; o__Lachnospirales; f__Lachnospiraceae; g__[Eubacterium]_hallii_group; s__uncultured_bacterium	1.0
e330e931df37c0cefe0f1a80e5350a4b	0	False	d__Bacteria; p__Bacteroidota; c__Bacteroidia; o__Bacteroidales; f__Prevotellaceae; g__Prevotella; s__uncultured_bacterium	0.9
dcdf220234a342507a50899ecea1d558	0	False	d__Bacteria; p__Fusobacteriota; c__Fusobacteriia; o__Fusobacteriales; f__Fusobacteriaceae; g__Cetobacterium; s__uncultured_bacterium	0.9
ddbf23c8c5653d14479d9bf997ef7e1b	0	False	d__Bacteria; p__Bacteroidota; c__Bacteroidia; o__Bacteroidales; f__Bacteroidaceae; g__Bacteroides; s__uncultured_bacterium	0.7
f2f49669e1e0744eac6a673253af0a08	0	False	d__Bacteria; p__Firmicutes; c__Clostridia; o__Lachnospirales; f__Lachnospiraceae; g__Roseburia; s__uncultured_bacterium	0.6
ecffa450ca962e9afc4312cfdc8791b2	0	False	d__Bacteria; p__Bacteroidota; c__Bacteroidia; o__Bacteroidales; f__Bacteroidaceae; g__Bacteroides	1.0
7c7bff3a07f18f77a5cea673188fceb4	0	False	d__Bacteria; p__Bacteroidota; c__Bacteroidia; o__Bacteroidales; f__Prevotellaceae; g__Alloprevotella; s__uncultured_bacterium	0.9
8f16b9226a36bea8cfd37d863d749252	0	False	d__Bacteria; p__Fusobacteriota; c__Fusobacteriia; o__Fusobacteriales; f__Fusobacteriaceae; g__Fusobacterium; s__uncultured_bacterium	0.6
9e640202e3a6276bc4fd5c6c6eb87c0d	0	False	d__Bacteria; p__Bacteroidota; c__Bacteroidia; o__Bacteroidales; f__Bacteroidaceae; g__Bacteroides; s__uncultured_bacterium	0.7
10d07f8c1ac3ca987c212ca51396d38f	0	False	d__Bacteria; p__Firmicutes; c__Clostridia; o__Oscillospirales; f__Ruminococcaceae; g__[Eubacterium]_siraeum_group; s__uncultured_bacterium	0.6
820bc0b04bf3fe1f7ff006d29138f3c2	0	False	d__Bacteria; p__Proteobacteria; c__Gammaproteobacteria; o__Enterobacterales; f__Enterobacteriaceae; g__Klebsiella; s__Klebsiella_pneumoniae	0.9
1df5d411f8407ee851a316ed485101ee	0	False	d__Bacteria; p__Bacteroidota; c__Bacteroidia; o__Bacteroidales; f__Prevotellaceae; g__Prevotella; s__uncultured_bacterium	0.9
2f7271293c4ad0a004821c7b8a99a212	0	False	d__Bacteria; p__Bacteroidota; c__Bacteroidia; o__Bacteroidales; f__Prevotellaceae; g__Alloprevotella; s__uncultured_bacterium	0.7
8b915559f026b4139eeb35d8ffa8268d	0	False	d__Bacteria; p__Fusobacteriota; c__Fusobacteriia; o__Fusobacteriales; f__Fusobacteriaceae; g__Fusobacterium; s__uncultured_bacterium	0.6
2e9f1c3013022ced2c0c9567d59fc064	0	False	d__Bacteria; p__Firmicutes; c__Clostridia; o__Oscillospirales; f__Ruminococcaceae; g__Subdoligranulum; s__uncultured_bacterium	0.7
6a4b065ed2a9086b24cd62ac33918166	0	False	d__Bacteria; p__Firmicutes; c__Clostridia; o__Lachnospirales; f__Lachnospiraceae; g__uncultured	0.9
702add448b05e3087ea6cecea7dd90b4	0	False	d__Bacteria; p__Firmicutes; c__Clostridia; o__Lachnospirales; f__Lachnospiraceae; g__Coprococcus; s__uncultured_bacterium	0.8
d462bff8b4eab4f0690c760ee366001f	0	False	d__Bacteria; p__Firmicutes; c__Clostridia; o__Oscillospirales; f__Ruminococcaceae; g__Faecalibacterium	1.0
bb37db43a4cba4e7297f7ea91a9c16c9	0	False	d__Bacteria; p__Proteobacteria; c__Gammaproteobacteria; o__Enterobacterales; f__Enterobacteriaceae; g__Klebsiella; s__Klebsiella_pneumoniae	0.9
89fdfed0daa1852ef44dcff4d1090b31	0	False	d__Bacteria; p__Bacteroidota; c__Bacteroidia; o__Bacteroidales; f__Bacteroidaceae; g__Bacteroides; s__uncultured_bacterium	1.0
39588ae5a2fba3ddc3cad7a75d195554	0	False	d__Bacteria; p__Firmicutes; c__Clostridia; o__Lachnospirales; f__Lachnospiraceae; g__[Eubacterium]_hallii_group; s__uncultured_bacterium	0.8
4a8a9f963e44bf08225fa5690c51fce9	0	False	d__Bacteria; p__Firmicutes; c__Clostridia; o__Lachnospirales; f__Lachnospiraceae; g__Coprococcus; s__uncultured_bacterium	0.7
a8574a9e2c15d9d41eb34e130f2e779d	0	False	d__Bacteria; p__Bacteroidota; c__Bacteroidia; o__Bacteroidales; f__Prevotellaceae; g__Prevotella; s__uncultured_bacterium	1.0
7d7fbf3ca6e77e4ad6c0cecfbcc1689b	0	False	d__Bacteria; p__Firmicutes; c__Clostridia; o__Oscillospirales; f__Ruminococcaceae; g__Faecalibacterium; s__uncultured_bacterium	0.9
3b539f1ec4daa35cb1585bfc194c1cdd	0	False	d__Bacteria; p__Firmicutes; c__Clostridia; o__Oscillospirales; f__Ruminococcaceae; g__Faecalibacterium	1.0
6ba1a63b03ed1667ddedc0813b737f0d	0	False	d__Bacteria; p__Bacteroidota; c__Bacteroidia; o__Bacteroidales; f__Rikenellaceae; g__Alistipes; s__uncultured_bacterium	0.8
58f92b994707ae9f853c6e69ef1be6be	0	False	d__Bacteria; p__Firmicutes; c__Clostridia; o__Clostridiales; f__Clostridiaceae; g__Clostridium_sensu_stricto_1; s__uncultured_bacterium	1.0
b291d5c47c13ff0cd41afbfe4bd6730b	0	False	d__Bacteria; p__Proteobacteria; c__Gammaproteobacteria; o__Enterobacterales; f__Enterobacteriaceae; g__Klebsiella; s__Klebsiella_pneumoniae	0.9
cbbaae2df526368589dc3572f01d76a4	0	False	d__Bacteria; p__Firmicutes; c__Clostridia; o__Lachnospirales; f__Lachnospiraceae; g__[Ruminococcus]_torques_group; s__uncultured_bacterium	0.6
9e428cab604874258574343749d9032c	0	False	d__Bacteria; p__Bacteroidota; c__Bacteroidia; o__Bacteroidales; f__Bacteroidaceae; g__Bacteroides; s__uncultured_bacterium	0.6
036ca3fa03f8d93a402ced6240a337fe	0	False	d__Bacteria; p__Firmicutes; c__Clostridia; o__Oscillospirales; f__Oscillospiraceae; g__UCG-002; s__uncultured_bacterium	0.7
a8d9100f78d847cb09c360f730591afa	0	False	d__Bacteria; p__Bacteroidota; c__Bacteroidia; o__Bacteroidales; f__Bacteroidaceae; g__Bacteroides	1.0
72a75c4bf4dca90e4037f596ad740ddc	0	False	d__Bacteria; p__Bacteroidota; c__Bacteroidia; o__Bacteroidales; f__Bacteroidaceae; g__Bacteroides	1.0
7640ed68ba08e76fcd8c961dea462ef0	0	False	d__Bacteria; p__Proteobacteria; c__Gammaproteobacteria; o__Burkholderiales; f__Sutterellaceae; g__Sutterella; s__uncultured_bacterium	0.8
c4bf908610bf22c42dd14993f138e24b	0	False	d__Bacteria; p__Bacteroidota; c__Bacteroidia; o__Bacteroidales; f__Bacteroidaceae; g__Bacteroides	1.0
14d30b85f6c5f64a0f07964095bc6034	0	False	d__Bacteria; p__Firmicutes; c__Clostridia; o__Peptostreptococcales-Tissierellales; f__Peptostreptococcaceae; g__Intestinibacter	0.9
18a9028dff6d3759193ec26771449c1c	0	False	d__Bacteria; p__Proteobacteria; c__Gammaproteobacteria; o__Enterobacterales; f__Enterobacteriaceae; g__Klebsiella; s__Klebsiella_pneumoniae	1.0
e1c0ee401dec072ce429e5085d113962	0	False	d__Bacteria; p__Bacteroidota; c__Bacteroidia; o__Bacteroidales; f__Prevotellaceae; g__Prevotella; s__uncultured_bacterium	1.0
121b72c11e4fef515ec416687443c090	0	False	d__Bacteria; p__Firmicutes; c__Clostridia; o__Clostridiales; f__Clostridiaceae; g__Clostridium_sensu_stricto_1; s__Clostridium_perfringens	1.0
715d62eee33583e65e47a4ab721248dd	0	False	d__Bacteria; p__Firmicutes; c__Clostridia; o__Lachnospirales; f__Lachnospiraceae; g__Lachnospiraceae_NK4A136_group; s__uncultured_bacterium	0.7
a7313b3d34fc8b32750b4d6e89edd650	0	False	d__Bacteria; p__Bacteroidota; c__Bacteroidia; o__Bacteroidales; f__Prevotellaceae; g__Alloprevotella; s__uncultured_bacterium	0.8
ea1ddbc2728ed1cdaf4f0a38150a02b9	0	False	d__Bacteria; p__Bacteroidota; c__Bacteroidia; o__Bacteroidales; f__Muribaculaceae; g__Muribaculaceae; s__uncultured_bacterium	1.0
7cd3851b5de83922f607847673175021	0	False	d__Bacteria; p__Bacteroidota; c__Bacteroidia; o__Bacteroidales; f__Bacteroidaceae; g__Bacteroides	1.0
a417b7bc4c2c335a436ab6b177065e8d	0	False	d__Bacteria; p__Firmicutes; c__Clostridia; o__Clostridiales; f__Clostridiaceae; g__Clostridium_sensu_stricto_1; s__uncultured_bacterium	1.0
b8420c2e11cc062fd99e1155ddddb171	0	False	d__Bacteria; p__Firmicutes; c__Clostridia; o__Oscillospirales; f__Ruminococcaceae; g__Subdoligranulum; s__uncultured_bacterium	1.0
377cddcce2a6ba9947622b1d95864a13	0	False	d__Bacteria; p__Bacteroidota; c__Bacteroidia; o__Bacteroidales; f__Prevotellaceae; g__Prevotella; s__uncultured_bacterium	0.9
33adecc4cc8f465664f444240fb5c9dc	0	False	d__Bacteria; p__Firmicutes; c__Clostridia; o__Clostridiales; f__Clostridiaceae; g__Clostridium_sensu_stricto_1; s__uncultured_bacterium	0.8
ca3be951d806a055b37f1725a3d30958	0	False	d__Bacteria; p__Firmicutes; c__Bacilli; o__Erysipelotrichales; f__Erysipelotrichaceae; g__Catenisphaera	0.7
1dce6e5679771edc6242d3190a2a433a	0	False	d__Bacteria; p__Firmicutes; c__Clostridia; o__Clostridiales; f__Clostridiaceae; g__Clostridium_sensu_stricto_1; s__uncultured_bacterium	1.0
473139e5c23478d7fa1eee1de4a463bd	0	False	d__Bacteria; p__Firmicutes; c__Clostridia; o__Oscillospirales; f__Ruminococcaceae; g__Faecalibacterium; s__uncultured_bacterium	0.9
599a73cad76351bcc6176f64e183b643	0	False	d__Bacteria; p__Proteobacteria; c__Gammaproteobacteria; o__Pasteurellales; f__Pasteurellaceae; g__Haemophilus	1.0
d443d45b9452b33e2f15317f488a8aff	0	False	d__Bacteria; p__Actinobacteriota; c__Coriobacteriia; o__Coriobacteriales; f__Coriobacteriaceae; g__Collinsella	1.0
188c7a58e0b33043a1fa531a73732917	0	False	d__Bacteria; p__Proteobacteria; c__Gammaproteobacteria; o__Enterobacterales; f__Enterobacteriaceae; g__Klebsiella; s__Klebsiella_pneumoniae	1.0
12e7003065a0b6f1e32006d91dea2d5f	0	False	d__Bacteria; p__Fusobacteriota; c__Fusobacteriia; o__Fusobacteriales; f__Fusobacteriaceae; g__Fusobacterium	1.0
3ec9a72eea2934c7e20bf5e3840b3935	0	False	d__Bacteria; p__Bacteroidota; c__Bacteroidia; o__Bacteroidales; f__Tannerellaceae; g__Parabacteroides	1.0
3d851ec0c09670864ce9be8aa0a965c3	0	False	d__Bacteria; p__Firmicutes; c__Clostridia; o__Lachnospirales; f__Lachnospiraceae; g__Blautia; s__uncultured_bacterium	0.6
b12b2fe4fb3696296a87078e7a14d418	0	False	d__Bacteria; p__Proteobacteria; c__Gammaproteobacteria; o__Enterobacterales; f__Enterobacteriaceae; g__Escherichia-Shigella; s__Escherichia_coli	1.0
983221711f529bb7d73fcffec66c0293	0	False	d__Bacteria; p__Firmicutes; c__Bacilli; o__Lactobacillales; f__Lactobacillaceae; g__Lactobacillus; s__Lactobacillus_salivarius	0.9
361d5fcf93ca753fe4872c98a62972b3	0	False	d__Bacteria; p__Firmicutes; c__Clostridia; o__Lachnospirales; f__Lachnospiraceae; g__Anaerostipes; s__uncultured_bacterium	0.6
45514383703350e16de152e307b71fe8	0	False	d__Bacteria; p__Bacteroidota; c__Bacteroidia; o__Bacteroidales; f__Prevotellaceae; g__Prevotella; s__uncultured_bacterium	0.9
822b39e0bdc1a2b92ce29a0b98e2521e	0	False	d__Bacteria; p__Firmicutes; c__Clostridia; o__Lachnospirales; f__Lachnospiraceae; g__[Ruminococcus]_gnavus_group; s__uncultured_bacterium	0.6
9196cc8493a3a9a67598970dccfe1b05	0	False	d__Bacteria; p__Firmicutes; c__Clostridia; o__Lachnospirales; f__Lachnospiraceae; g__Lachnoclostridium; s__uncultured_bacterium	0.7
72f64e85392f13ecee7d26ba5fd93335	0	False	d__Bacteria; p__Bacteroidota; c__Bacteroidia; o__Bacteroidales; f__Prevotellaceae; g__Alloprevotella; s__uncultured_bacterium	0.7
fe97c0f5687f08c0701faadb7f7d6cb5	0	False	d__Bacteria; p__Firmicutes; c__Clostridia; o__Lachnospirales; f__Lachnospiraceae; g__CAG-56; s__uncultured_bacterium	0.7
fd0d2f1319fbcbb835875615a2d06108	0	False	d__Bacteria; p__Bacteroidota; c__Bacteroidia; o__Bacteroidales; f__Prevotellaceae; g__Prevotella; s__uncultured_bacterium	0.6
3b32ed0e7eeb5c90fe7673da1480c197	0	False	d__Bacteria; p__Firmicutes; c__Bacilli; o__Lactobacillales; f__Streptococcaceae; g__Streptococcus	1.0
8c4f625dc8812c46062ec26d7fc8a3db	0	False	d__Bacteria; p__Bacteroidota; c__Bacteroidia; o__Bacteroidales; f__Prevotellaceae; g__Prevotella; s__uncultured_bacterium	0.7
b14c3f748ff5130552acea8a2b12f29d	0	False	d__Bacteria; p__Bacteroidota; c__Bacteroidia; o__Bacteroidales; f__Bacteroidaceae; g__Bacteroides; s__Bacteroides_fragilis	0.7
2f4a2b08eec8d8d5f66dc0d20552881f	0	False	d__Bacteria; p__Proteobacteria; c__Gammaproteobacteria; o__Enterobacterales; f__Enterobacteriaceae; g__Escherichia-Shigella; s__Escherichia_coli	1.0
fd204f7a88e546b2288fb9b86489ba32	0	False	d__Bacteria; p__Bacteroidota; c__Bacteroidia; o__Bacteroidales; f__Bacteroidaceae; g__Bacteroides; s__Bacteroides_vulgatus	0.9
173ae448654ca5335227d3b8525c15a4	0	False	d__Bacteria; p__Bacteroidota; c__Bacteroidia; o__Bacteroidales; f__Bacteroidaceae; g__Bacteroides; s__uncultured_bacterium	0.9
05073e247f22ba778523c1de9e3185c4	0	False	d__Bacteria; p__Proteobacteria; c__Gammaproteobacteria; o__Burkholderiales; f__Sutterellaceae; g__Sutterella	1.0
6c50dd3cf297cf30eaf754d064def0bb	0	False	d__Bacteria; p__Proteobacteria; c__Gammaproteobacteria; o__Enterobacterales; f__Enterobacteriaceae; g__Klebsiella; s__Klebsiella_pneumoniae	1.0
af8dea393c13d697c04444793b8475f1	0	False	d__Bacteria; p__Bacteroidota; c__Bacteroidia; o__Bacteroidales; f__Prevotellaceae; g__Prevotella; s__uncultured_bacterium	0.9
552ed8a144cb8abb7490125ca10207cf	0	False	d__Bacteria; p__Proteobacteria; c__Gammaproteobacteria; o__Pasteurellales; f__Pasteurellaceae; g__Haemophilus; s__Haemophilus_influenzae	1.0
7f422b98c404234f48638de70fe8e740	0	False	d__Bacteria; p__Proteobacteria; c__Gammaproteobacteria; o__Enterobacterales; f__Enterobacteriaceae; g__Klebsiella; s__Klebsiella_pneumoniae	0.8
849154d1fef3cbacbdede1343a55ac92	0	False	d__Bacteria; p__Firmicutes; c__Bacilli; o__Lactobacillales; f__Streptococcaceae; g__Streptococcus; s__Streptococcus_salivarius	0.8
2aa282c745a023e4d652f986b63864b5	0	False	d__Bacteria; p__Bacteroidota; c__Bacteroidia; o__Bacteroidales; f__Prevotellaceae; g__Prevotella; s__uncultured_bacterium	0.9
e42736a7a44b8884c1001f656bfc252e	0	False	d__Bacteria; p__Firmicutes; c__Bacilli; o__Lactobacillales; f__Streptococcaceae; g__Streptococcus; s__Streptococcus_constellatus	0.6
ff7008e0758ad4e31fc71663fead0d80	0	False	d__Bacteria; p__Firmicutes; c__Clostridia; o__Lachnospirales; f__Lachnospiraceae; g__[Ruminococcus]_torques_group; s__uncultured_bacterium	0.6
66a938f481aa9c6127b96c8910ca4c62	0	False	d__Bacteria; p__Firmicutes; c__Clostridia; o__Lachnospirales; f__Lachnospiraceae; g__[Ruminococcus]_torques_group; s__uncultured_bacterium	0.7
bd2eb093a44ae4b83e0a828180924d76	0	False	d__Bacteria; p__Fusobacteriota; c__Fusobacteriia; o__Fusobacteriales; f__Fusobacteriaceae; g__Fusobacterium	1.0
4982bbaf199abfd1057d12302f1c1321	0	False	d__Bacteria; p__Proteobacteria; c__Gammaproteobacteria; o__Enterobacterales; f__Enterobacteriaceae; g__Escherichia-Shigella; s__Escherichia_coli	1.0
0874524938f519781b7c1f54d4fea545	0	False	d__Bacteria; p__Firmicutes; c__Clostridia; o__Lachnospirales; f__Lachnospiraceae; g__Lachnospira; s__uncultured_bacterium	0.7
848e05b04bd4675a0201ce83e2dcf292	0	False	d__Bacteria; p__Firmicutes; c__Clostridia; o__Christensenellales; f__Christensenellaceae; g__Christensenellaceae_R-7_group; s__uncultured_bacterium	0.7
afccdca3cc80bf64c805f6f7a450d8f7	0	False	d__Bacteria; p__Firmicutes; c__Clostridia; o__Lachnospirales; f__Lachnospiraceae; g__Blautia; s__uncultured_bacterium	0.8
14341471d5faea809b2b02def8df6381	0	False	d__Bacteria; p__Proteobacteria; c__Gammaproteobacteria; o__Enterobacterales; f__Enterobacteriaceae; g__Klebsiella; s__Klebsiella_pneumoniae	0.8
b9390af2d3c1f284363c392e0a1a739e	0	False	d__Bacteria; p__Bacteroidota; c__Bacteroidia; o__Bacteroidales; f__Prevotellaceae; g__Prevotella; s__uncultured_bacterium	1.0
bfad690571983692244717f38b9c41c7	0	False	d__Bacteria; p__Bacteroidota; c__Bacteroidia; o__Bacteroidales; f__Bacteroidaceae; g__Bacteroides; s__Bacteroides_dorei	0.8
d7aa19591d82c11adc9995f182299aca	0	False	d__Bacteria; p__Firmicutes; c__Clostridia; o__Lachnospirales; f__Lachnospiraceae; g__[Ruminococcus]_torques_group; s__uncultured_bacterium	0.8
2a035981843ab621533a4d12d244f6ac	0	False	d__Bacteria; p__Bacteroidota; c__Bacteroidia; o__Bacteroidales; f__Prevotellaceae; g__Prevotella; s__uncultured_bacterium	1.0
c5e8adbc179ef75642a461f39608e540	0	False	d__Bacteria; p__Fusobacteriota; c__Fusobacteriia; o__Fusobacteriales; f__Fusobacteriaceae; g__Fusobacterium; s__Fusobacterium_necrophorum	1.0
4e29949fbf33f687665c7ec95d0b1b26	0	False	d__Bacteria; p__Firmicutes; c__Clostridia; o__Clostridiales; f__Clostridiaceae; g__Clostridium_sensu_stricto_1; s__uncultured_bacterium	1.0
3e7a7ecf0bf2faf445f50ec1f8e4f9af	0	False	d__Bacteria; p__Firmicutes; c__Bacilli; o__Erysipelotrichales; f__Erysipelotrichaceae; g__Holdemanella; s__uncultured_bacterium	0.9
6184f0b1e75cda5265da4646ba5fe76b	0	False	d__Bacteria; p__Firmicutes; c__Clostridia; o__Oscillospirales; f__Ruminococcaceae; g__Faecalibacterium; s__Faecalibacterium_prausnitzii	0.6
8bcecfcbbe56c319b7884ef6b4617200	0	False	d__Bacteria; p__Firmicutes; c__Clostridia; o__Lachnospirales; f__Lachnospiraceae; g__[Ruminococcus]_gnavus_group; s__uncultured_bacterium	0.6
ec39293a8db6cdfc99fecc1decfa59d7	0	False	d__Bacteria; p__Firmicutes; c__Clostridia; o__Oscillospirales; f__Ruminococcaceae; g__Faecalibacterium	1.0
cc1f106dae404eca16e3b7d588d58645	0	False	d__Bacteria; p__Bacteroidota; c__Bacteroidia; o__Bacteroidales; f__Bacteroidaceae; g__Bacteroides; s__uncultured_bacterium	1.0
d7d3cdd53799e5296423251aa8f5cb20	0	False	d__Bacteria; p__Bacteroidota; c__Bacteroidia; o__Bacteroidales; f__Bacteroidaceae; g__Bacteroides; s__Bacteroides_fragilis	0.6
